2025-04-25 22:40:20 - Starting registration process
2025-04-25 22:44:11 - Starting registration process
2025-04-25 22:44:11 - Attempting to add user: nom=bassem, email=feryel@gmail.com
2025-04-25 22:44:11 - User added successfully with ID: 32
2025-04-25 22:44:11 - File upload failed: Unable to move file
2025-04-25 22:50:05 - Starting registration process
2025-04-25 22:50:05 - Attempting to add user: nom=bassem, email=feryel@gmail.com
2025-04-25 22:50:05 - User added successfully with ID: 33
2025-04-25 22:57:46 - Starting registration process
2025-04-25 22:57:46 - Attempting to add user: nom=bassem, email=feryell@gmail.com
2025-04-25 22:57:46 - User added successfully with ID: 34
2025-04-25 22:57:46 - Photo upload started: type=image/jpeg, size=141745 bytes
2025-04-25 22:57:46 - Upload directory does not exist: C:/xampp/htdocs/ProjetInnoconnect/uploads/
2025-04-25 23:06:22 - Starting registration process
2025-04-25 23:06:22 - Attempting to add user: nom=bassem, email=faryoula@gmail.com
2025-04-25 23:06:22 - User added successfully with ID: 35
2025-04-25 23:06:22 - Photo upload started: type=image/jpeg, size=141745 bytes
2025-04-25 23:06:22 - Attempting to move uploaded file to: C:/xampp/htdocs/ProjetInnoconnect/uploads/35_1745615182.jpg
2025-04-25 23:06:22 - Updating user with photo_profil: uploads/35_1745615182.jpg
2025-04-25 23:06:22 - Photo uploaded and user updated with photo_profil: uploads/35_1745615182.jpg
2025-04-25 23:06:22 - Registration completed successfully
2025-04-25 23:17:14 - User not logged in, redirecting to login
2025-04-25 23:17:30 - User not logged in, redirecting to login
2025-04-26 10:39:12 - User profile loaded for ID: 35, photo_profil: uploads/35_1745615182.jpg
2025-04-26 10:39:12 - Checking if profile picture exists: C:\xampp\htdocs\uploads\35_1745615182.jpg
2025-04-26 10:39:12 - Attempting to display profile picture: http://localhost/uploads/35_1745615182.jpg
2025-04-26 10:39:43 - User profile loaded for ID: 35, photo_profil: uploads/35_1745615182.jpg
2025-04-26 10:39:43 - Checking if profile picture exists: C:\xampp\htdocs\uploads\35_1745615182.jpg
2025-04-26 10:39:43 - Attempting to display profile picture: http://localhost/uploads/35_1745615182.jpg
2025-04-26 10:39:53 - User profile loaded for ID: 35, photo_profil: uploads/35_1745615182.jpg
2025-04-26 10:39:53 - Profile photo upload started: type=image/jpeg, size=141745 bytes
2025-04-26 10:39:53 - Attempting to move uploaded file to: C:/xampp/htdocs/ProjetInnoconnect/uploads/35_1745656793.jpg
2025-04-26 10:39:53 - Profile photo uploaded successfully: uploads/35_1745656793.jpg
2025-04-26 10:39:53 - Profile updated successfully for user ID: 35
2025-04-26 10:39:53 - User profile loaded for ID: 35, photo_profil: uploads/35_1745615182.jpg
2025-04-26 10:39:53 - Checking if profile picture exists: C:\xampp\htdocs\uploads\35_1745615182.jpg
2025-04-26 10:39:53 - Attempting to display profile picture: http://localhost/uploads/35_1745615182.jpg
2025-04-26 10:46:22 - User profile loaded for ID: 35, photo_profil: uploads/35_1745615182.jpg
2025-04-26 10:46:22 - Checking if profile picture exists: C:\xampp\htdocs\uploads\35_1745615182.jpg
2025-04-26 10:46:22 - Attempting to display profile picture: http://localhost/uploads/35_1745615182.jpg
2025-04-26 10:46:22 - File does not exist at: C:\xampp\htdocs\uploads\35_1745615182.jpg
2025-04-26 10:46:38 - User profile loaded for ID: 35, photo_profil: uploads/35_1745615182.jpg
2025-04-26 10:46:38 - Profile photo upload started: type=image/jpeg, size=141745 bytes
2025-04-26 10:46:38 - Attempting to move uploaded file to: C:/xampp/htdocs/ProjetInnoconnect/uploads/35_1745657198.jpg
2025-04-26 10:46:38 - Profile photo uploaded successfully: uploads/35_1745657198.jpg
2025-04-26 10:46:38 - Profile updated successfully for user ID: 35
2025-04-26 10:46:38 - User profile loaded for ID: 35, photo_profil: uploads/35_1745615182.jpg
2025-04-26 10:46:38 - Checking if profile picture exists: C:\xampp\htdocs\uploads\35_1745615182.jpg
2025-04-26 10:46:38 - Attempting to display profile picture: http://localhost/uploads/35_1745615182.jpg
2025-04-26 10:46:38 - File does not exist at: C:\xampp\htdocs\uploads\35_1745615182.jpg
2025-04-26 10:47:11 - User profile loaded for ID: 35, photo_profil: uploads/35_1745615182.jpg
2025-04-26 10:47:11 - Checking if profile picture exists: C:\xampp\htdocs\uploads\35_1745615182.jpg
2025-04-26 10:47:11 - Attempting to display profile picture: http://localhost/uploads/35_1745615182.jpg
2025-04-26 10:47:11 - File does not exist at: C:\xampp\htdocs\uploads\35_1745615182.jpg
2025-04-26 10:55:45 - User profile loaded for ID: 35, photo_profil: uploads/35_1745615182.jpg
2025-04-26 10:55:45 - Checking if profile picture exists: C:\xampp\htdocs\uploads\35_1745615182.jpg
2025-04-26 10:55:45 - Attempting to display profile picture: http://localhost/uploads/35_1745615182.jpg
2025-04-26 10:55:45 - File does not exist at: C:\xampp\htdocs\uploads\35_1745615182.jpg
2025-04-26 10:55:57 - User profile loaded for ID: 35, photo_profil: uploads/35_1745615182.jpg
2025-04-26 10:55:57 - Profile photo upload started: type=image/jpeg, size=141745 bytes
2025-04-26 10:55:57 - Attempting to move uploaded file to: C:/xampp/htdocs/ProjetInnoconnect/uploads/35_1745657757.jpg
2025-04-26 10:55:57 - Profile photo uploaded successfully: uploads/35_1745657757.jpg
2025-04-26 10:55:57 - Profile updated successfully for user ID: 35
2025-04-26 10:55:57 - User profile loaded for ID: 35, photo_profil: uploads/35_1745615182.jpg
2025-04-26 10:55:57 - Checking if profile picture exists: C:\xampp\htdocs\uploads\35_1745615182.jpg
2025-04-26 10:55:57 - Attempting to display profile picture: http://localhost/uploads/35_1745615182.jpg
2025-04-26 10:55:57 - File does not exist at: C:\xampp\htdocs\uploads\35_1745615182.jpg
2025-04-26 10:56:11 - User profile loaded for ID: 35, photo_profil: uploads/35_1745615182.jpg
2025-04-26 10:56:11 - Checking if profile picture exists: C:\xampp\htdocs\uploads\35_1745615182.jpg
2025-04-26 10:56:11 - Attempting to display profile picture: http://localhost/uploads/35_1745615182.jpg
2025-04-26 10:56:11 - File does not exist at: C:\xampp\htdocs\uploads\35_1745615182.jpg
2025-04-26 11:56:58 - User profile loaded for ID: 35, photo_profil: uploads/35_1745615182.jpg
2025-04-26 11:56:58 - Checking if profile picture exists: C:\xampp\htdocs\uploads\35_1745615182.jpg
2025-04-26 11:56:58 - Attempting to display profile picture: http://localhost/uploads/35_1745615182.jpg
2025-04-26 11:56:58 - File does not exist at: C:\xampp\htdocs\uploads\35_1745615182.jpg
2025-04-26 11:56:58 - Image URL not accessible: http://localhost/uploads/35_1745615182.jpg (HTTP Status: HTTP/1.1 404 Not Found)
2025-04-26 12:07:14 - User profile loaded for ID: 35, photo_profil: uploads/35_1745615182.jpg
2025-04-26 12:07:14 - Checking if profile picture exists: C:\xampp\htdocs\uploads\35_1745615182.jpg
2025-04-26 12:07:14 - Attempting to display profile picture: http://localhost/uploads/35_1745615182.jpg
2025-04-26 12:07:14 - File does not exist at: C:\xampp\htdocs\uploads\35_1745615182.jpg
2025-04-26 12:15:18 - DOCUMENT_ROOT: C:/xampp/htdocs
2025-04-26 12:15:18 - User profile loaded for ID: 35, photo_profil: uploads/35_1745615182.jpg
2025-04-26 12:15:18 - Checking if profile picture exists: C:\xampp\htdocs\uploads\35_1745615182.jpg
2025-04-26 12:15:18 - Attempting to display profile picture: http://localhost/uploads/35_1745615182.jpg
2025-04-26 12:15:18 - File does not exist at: C:\xampp\htdocs\uploads\35_1745615182.jpg
2025-04-26 12:15:18 - Testing absolute path: C:\xampp\htdocs\ProjetInnoconnect\uploads\35_1745615182.jpg
2025-04-26 12:15:18 - File exists at absolute path!
2025-04-26 12:15:18 - Image URL not accessible: http://localhost/uploads/35_1745615182.jpg (HTTP Status: HTTP/1.1 404 Not Found)
2025-04-26 12:15:39 - User profile loaded for ID: 35, photo_profil: uploads/35_1745615182.jpg
2025-04-26 12:15:39 - Checking if profile picture exists: C:\xampp\htdocs\uploads\35_1745615182.jpg
2025-04-26 12:15:39 - Attempting to display profile picture: http://localhost/uploads/35_1745615182.jpg
2025-04-26 12:15:39 - File does not exist at: C:\xampp\htdocs\uploads\35_1745615182.jpg
2025-04-26 12:20:30 - User profile loaded for ID: 35, photo_profil: uploads/35_1745615182.jpg
2025-04-26 12:20:30 - Attempting to display profile picture: http://localhost/uploads/35_1745615182.jpg
2025-04-26 12:20:40 - User profile loaded for ID: 35, photo_profil: uploads/35_1745615182.jpg
2025-04-26 12:20:40 - Profile photo upload started: type=image/jpeg, size=141745 bytes
2025-04-26 12:20:40 - Attempting to move uploaded file to: C:/xampp/htdocs/ProjetInnoconnect/uploads/35_1745662840.jpg
2025-04-26 12:20:40 - Profile photo uploaded successfully: uploads/35_1745662840.jpg
2025-04-26 12:20:40 - Profile updated successfully for user ID: 35
2025-04-26 12:20:40 - User profile loaded for ID: 35, photo_profil: uploads/35_1745615182.jpg
2025-04-26 12:20:40 - Attempting to display profile picture: http://localhost/uploads/35_1745615182.jpg
2025-04-26 12:20:53 - User profile loaded for ID: 35, photo_profil: uploads/35_1745615182.jpg
2025-04-26 12:20:53 - Checking if profile picture exists: C:\xampp\htdocs\uploads\35_1745615182.jpg
2025-04-26 12:20:53 - Attempting to display profile picture: http://localhost/uploads/35_1745615182.jpg
2025-04-26 12:20:53 - File does not exist at: C:\xampp\htdocs\uploads\35_1745615182.jpg
2025-04-26 12:20:59 - User profile loaded for ID: 35, photo_profil: uploads/35_1745615182.jpg
2025-04-26 12:20:59 - Checking if profile picture exists: C:\xampp\htdocs\uploads\35_1745615182.jpg
2025-04-26 12:20:59 - Attempting to display profile picture: http://localhost/uploads/35_1745615182.jpg
2025-04-26 12:20:59 - File does not exist at: C:\xampp\htdocs\uploads\35_1745615182.jpg
2025-04-26 13:12:56 - User profile loaded for ID: 35, photo_profil: uploads/35_1745615182.jpg
2025-04-26 13:12:56 - Attempting to display profile picture: http://localhost/uploads/35_1745615182.jpg
2025-04-26 13:13:16 - User profile loaded for ID: 35, photo_profil: uploads/35_1745615182.jpg
2025-04-26 13:13:16 - Profile photo upload started: type=image/jpeg, size=141745 bytes
2025-04-26 13:13:16 - Attempting to move uploaded file to: C:/xampp/htdocs/ProjetInnoconnect/uploads/35_1745665996.jpg
2025-04-26 13:13:16 - Profile photo uploaded successfully: uploads/35_1745665996.jpg
2025-04-26 13:13:16 - Profile updated successfully for user ID: 35
2025-04-26 13:13:16 - User profile loaded for ID: 35, photo_profil: uploads/35_1745615182.jpg
2025-04-26 13:13:16 - Attempting to display profile picture: http://localhost/uploads/35_1745615182.jpg
2025-04-26 13:14:12 - User profile loaded for ID: 24, photo_profil: NULL
2025-04-26 13:14:12 - No photo_profil set for user ID: 24
2025-04-26 15:43:50 - User profile loaded for ID: 24, photo_profil: NULL
2025-04-26 15:43:50 - No photo_profil set for user ID: 24
2025-04-26 20:53:10 - User profile loaded for ID: 24, photo_profil: NULL
2025-04-26 20:53:10 - No photo_profil set for user ID: 24
2025-04-26 21:04:41 - User profile loaded for ID: 24, photo_profil: NULL
2025-04-26 21:04:41 - No photo_profil set for user ID: 24
2025-04-27 13:06:08 - User profile loaded for ID: 24, photo_profil: NULL
2025-04-27 13:06:08 - No photo_profil set for user ID: 24
2025-04-27 13:10:11 - User profile loaded for ID: 30, photo_profil: NULL
2025-04-27 13:10:11 - No photo_profil set for user ID: 30
2025-04-27 13:10:20 - User profile loaded for ID: 30, photo_profil: NULL
2025-04-27 13:10:20 - No photo_profil set for user ID: 30
2025-04-27 13:35:35 - User profile loaded for ID: 24, photo_profil: NULL
2025-04-27 13:35:35 - No photo_profil set for user ID: 24
2025-04-27 13:45:00 - User profile loaded for ID: 24, photo_profil: NULL
2025-04-27 13:45:00 - No photo_profil set for user ID: 24
2025-04-27 13:47:01 - User profile loaded for ID: 24, photo_profil: NULL
2025-04-27 13:47:01 - No photo_profil set for user ID: 24
2025-04-27 13:47:07 - User profile loaded for ID: 24, photo_profil: NULL
2025-04-27 13:47:07 - Profile updated successfully for user ID: 24
2025-04-27 13:47:07 - User profile loaded for ID: 24, photo_profil: NULL
2025-04-27 13:47:07 - No photo_profil set for user ID: 24
2025-04-27 13:47:15 - User profile loaded for ID: 24, photo_profil: NULL
2025-04-27 13:47:15 - No photo_profil set for user ID: 24
2025-04-27 13:53:06 - User profile loaded for ID: 24, photo_profil: NULL
2025-04-27 13:53:06 - No photo_profil set for user ID: 24
2025-04-27 13:59:08 - User profile loaded for ID: 24, photo_profil: NULL
2025-04-27 13:59:08 - No photo_profil set for user ID: 24
2025-04-27 13:59:18 - User profile loaded for ID: 24, photo_profil: NULL
2025-04-27 13:59:18 - No photo_profil set for user ID: 24
2025-04-27 13:59:44 - User profile loaded for ID: 24, photo_profil: NULL
2025-04-27 13:59:44 - User profile loaded for ID: 24, photo_profil: NULL
2025-04-27 13:59:44 - No photo_profil set for user ID: 24
2025-04-27 15:51:03 - User profile loaded for ID: 24, photo_profil: NULL
2025-04-27 15:51:03 - No photo_profil set for user ID: 24
2025-04-27 15:51:12 - User profile loaded for ID: 24, photo_profil: NULL
2025-04-27 15:51:12 - No photo_profil set for user ID: 24
2025-04-27 15:51:43 - User profile loaded for ID: 24, photo_profil: NULL
2025-04-27 15:51:43 - Profile photo upload started: type=image/jpeg, size=103746 bytes
2025-04-27 15:51:43 - Attempting to move uploaded file to: C:/xampp/htdocs/ProjetInnoconnect/uploads/24_1745761903.jpeg
2025-04-27 15:51:43 - Profile photo uploaded successfully: uploads/24_1745761903.jpeg
2025-04-27 15:51:43 - Profile updated successfully for user ID: 24
2025-04-27 15:51:43 - User profile loaded for ID: 24, photo_profil: NULL
2025-04-27 15:51:43 - No photo_profil set for user ID: 24
2025-04-27 15:51:59 - User profile loaded for ID: 24, photo_profil: NULL
2025-04-27 15:51:59 - No photo_profil set for user ID: 24
2025-04-27 22:06:34 - User profile loaded for ID: 24, photo_profil: NULL
2025-04-27 22:06:34 - No photo_profil set for user ID: 24
2025-04-27 22:07:07 - User profile loaded for ID: 24, photo_profil: NULL
2025-04-27 22:07:07 - Profile photo upload started: type=image/jpeg, size=103746 bytes
2025-04-27 22:07:07 - Attempting to move uploaded file to: C:/xampp/htdocs/ProjetInnoconnect/uploads/24_1745784427.jpeg
2025-04-27 22:07:07 - Profile photo uploaded successfully: uploads/24_1745784427.jpeg
2025-04-27 22:07:07 - Profile updated successfully for user ID: 24
2025-04-27 22:07:07 - User profile loaded for ID: 24, photo_profil: NULL
2025-04-27 22:07:07 - No photo_profil set for user ID: 24
2025-04-27 22:15:20 - User profile loaded for ID: 24, photo_profil: NULL
2025-04-27 22:15:20 - No photo_profil set for user ID: 24
2025-04-27 22:15:27 - User profile loaded for ID: 24, photo_profil: NULL
2025-04-27 22:15:27 - No photo_profil set for user ID: 24
2025-04-27 22:16:52 - User profile loaded for ID: 24, photo_profil: NULL
2025-04-27 22:16:52 - No photo_profil set for user ID: 24
2025-04-27 22:18:15 - User profile loaded for ID: 24, photo_profil: NULL
2025-04-27 22:18:15 - No photo_profil set for user ID: 24
2025-04-27 22:18:16 - User profile loaded for ID: 24, photo_profil: NULL
2025-04-27 22:18:16 - No photo_profil set for user ID: 24
2025-04-27 22:18:17 - User profile loaded for ID: 24, photo_profil: NULL
2025-04-27 22:18:17 - No photo_profil set for user ID: 24
2025-04-27 22:21:17 - User profile loaded for ID: 24, photo_profil: NULL
2025-04-27 22:21:17 - Profile photo upload started: type=image/jpeg, size=297733 bytes
2025-04-27 22:21:17 - Attempting to move uploaded file to: C:/xampp/htdocs/ProjetInnoconnect/uploads/24_1745785277.jpeg
2025-04-27 22:21:17 - Profile photo uploaded successfully: uploads/24_1745785277.jpeg
2025-04-27 22:21:17 - Profile updated successfully for user ID: 24
2025-04-27 22:21:17 - User profile loaded for ID: 24, photo_profil: NULL
2025-04-27 22:21:17 - No photo_profil set for user ID: 24
2025-04-27 22:28:08 - User profile loaded for ID: 24, photo_profil: NULL
2025-04-27 22:28:08 - Profile photo upload started: type=image/jpeg, size=297733 bytes
2025-04-27 22:28:08 - Attempting to move uploaded file to: C:/xampp/htdocs/ProjetInnoconnect/uploads/24_1745785688.jpeg
2025-04-27 22:28:08 - Profile photo uploaded successfully: uploads/24_1745785688.jpeg
2025-04-27 22:28:08 - Profile updated successfully for user ID: 24
2025-04-27 22:28:08 - User profile loaded for ID: 24, photo_profil: NULL
2025-04-27 22:28:09 - No photo_profil set for user ID: 24
2025-04-27 22:29:03 - User profile loaded for ID: 35, photo_profil: uploads/35_1745615182.jpg
2025-04-27 22:29:03 - Attempting to display profile picture: ../../uploads/uploads/35_1745615182.jpg
2025-04-27 22:35:10 - User profile loaded for ID: 35, photo_profil: ../../35_1745615182.jpg
2025-04-27 22:35:10 - Attempting to display profile picture: ../../uploads/../../35_1745615182.jpg
2025-04-27 22:35:42 - User profile loaded for ID: 35, photo_profil: ../../uploads/35_1745615182.jpg
2025-04-27 22:35:42 - Attempting to display profile picture: ../../uploads/../../uploads/35_1745615182.jpg
2025-04-27 22:38:04 - User profile loaded for ID: 35, photo_profil: ProjetInnoconnect/uploads/35_1745615182.jpg
2025-04-27 22:38:04 - Attempting to display profile picture: ../../uploads/ProjetInnoconnect/uploads/35_1745615182.jpg
2025-04-27 22:38:49 - User profile loaded for ID: 35, photo_profil: 35_1745615182.jpg
2025-04-27 22:38:49 - Attempting to display profile picture: ../../uploads/35_1745615182.jpg
2025-04-27 22:41:28 - Starting registration process
2025-04-27 22:41:28 - Attempting to add user: nom=userimg, email=user@gmail.com
2025-04-27 22:41:28 - User added successfully with ID: 37
2025-04-27 22:41:28 - Photo upload started: type=image/jpeg, size=297733 bytes
2025-04-27 22:41:28 - Attempting to move uploaded file to: C:/xampp/htdocs/ProjetInnoconnect/uploads/37_1745786488.jpeg
2025-04-27 22:41:28 - Updating user with photo_profil: uploads/37_1745786488.jpeg
2025-04-27 22:41:28 - Photo uploaded and user updated with photo_profil: uploads/37_1745786488.jpeg
2025-04-27 22:41:28 - Registration completed successfully
2025-04-27 22:45:06 - User profile loaded for ID: 37, photo_profil: uploads/37_1745786488.jpeg
2025-04-27 22:45:06 - Attempting to display profile picture: ../../uploads/uploads/37_1745786488.jpeg
2025-04-27 22:45:38 - User profile loaded for ID: 37, photo_profil: uploads/37_1745786488.jpeg
2025-04-27 22:45:38 - Profile photo upload started: type=image/jpeg, size=297733 bytes
2025-04-27 22:45:38 - Attempting to move uploaded file to: C:/xampp/htdocs/ProjetInnoconnect/uploads/37_1745786738.jpeg
2025-04-27 22:45:38 - Profile photo uploaded successfully: uploads/37_1745786738.jpeg
2025-04-27 22:45:38 - Profile updated successfully for user ID: 37
2025-04-27 22:45:38 - User profile loaded for ID: 37, photo_profil: uploads/37_1745786488.jpeg
2025-04-27 22:45:38 - Attempting to display profile picture: ../../uploads/uploads/37_1745786488.jpeg
2025-04-27 22:48:22 - User profile loaded for ID: 37, photo_profil: uploads/37_1745786488.jpeg
2025-04-27 22:48:22 - Profile photo upload started: type=image/jpeg, size=297733 bytes
2025-04-27 22:48:22 - Attempting to move uploaded file to: C:/xampp/htdocs/ProjetInnoconnect/uploads/37_1745786902.jpeg
2025-04-27 22:48:22 - Profile photo uploaded successfully: 37_1745786902.jpeg
2025-04-27 22:48:22 - Profile updated successfully for user ID: 37
2025-04-27 22:48:22 - User profile loaded for ID: 37, photo_profil: 37
2025-04-27 22:48:22 - Attempting to display profile picture: ../../uploads/37
2025-04-27 22:54:22 - User profile loaded for ID: 37, photo_profil: 37
2025-04-27 22:54:22 - Profile photo upload started: type=image/jpeg, size=297733 bytes
2025-04-27 22:54:22 - Attempting to move uploaded file to: C:/xampp/htdocs/ProjetInnoconnect/uploads/37_1745787262.jpeg
2025-04-27 22:54:22 - Profile photo uploaded successfully: 37_1745787262.jpeg
2025-04-27 22:54:22 - Profile updated successfully for user ID: 37
2025-04-27 22:54:22 - User profile loaded for ID: 37, photo_profil: 37
2025-04-27 22:54:22 - Attempting to display profile picture: ../../uploads/37
2025-04-27 22:57:16 - User profile loaded for ID: 37, photo_profil: 37
2025-04-27 22:57:16 - Profile photo upload started: type=image/jpeg, size=297733 bytes
2025-04-27 22:57:16 - Attempting to move uploaded file to: C:/xampp/htdocs/ProjetInnoconnect/uploads/test37_1745787436.jpeg
2025-04-27 22:57:16 - Profile photo uploaded successfully: test37_1745787436.jpeg
2025-04-27 22:57:16 - Profile updated successfully for user ID: 37
2025-04-27 22:57:17 - User profile loaded for ID: 37, photo_profil: 37
2025-04-27 22:57:17 - Attempting to display profile picture: ../../uploads/37
2025-04-27 22:57:28 - User profile loaded for ID: 37, photo_profil: 37
2025-04-27 22:57:28 - Attempting to display profile picture: ../../uploads/37
2025-04-27 23:02:18 - User profile loaded for ID: 37, photo_profil: 37
2025-04-27 23:02:18 - Profile photo upload started: type=image/jpeg, size=297733 bytes
2025-04-27 23:02:18 - Attempting to move uploaded file to: C:/xampp/htdocs/ProjetInnoconnect/uploads/test37_1745787738.jpeg
2025-04-27 23:02:18 - Profile photo uploaded successfully: /test37_1745787738.jpeg
2025-04-27 23:02:18 - Profile updated successfully for user ID: 37
2025-04-27 23:02:18 - User profile loaded for ID: 37, photo_profil: 37
2025-04-27 23:02:18 - Attempting to display profile picture: ../../uploads/37
2025-04-27 23:02:30 - User profile loaded for ID: 37, photo_profil: 37
2025-04-27 23:02:30 - Attempting to display profile picture: ../../uploads/37
2025-04-27 23:02:40 - User profile loaded for ID: 37, photo_profil: 37
2025-04-27 23:02:40 - Attempting to display profile picture: ../../uploads/37
2025-04-27 23:02:46 - User profile loaded for ID: 37, photo_profil: 37
2025-04-27 23:02:46 - Attempting to display profile picture: ../../uploads/37
2025-04-27 23:02:53 - User profile loaded for ID: 37, photo_profil: 37
2025-04-27 23:02:53 - Attempting to display profile picture: ../../uploads/37
2025-04-27 23:02:59 - User profile loaded for ID: 37, photo_profil: 37
2025-04-27 23:02:59 - Attempting to display profile picture: ../../uploads/37
2025-04-27 23:03:19 - User profile loaded for ID: 37, photo_profil: 37
2025-04-27 23:03:19 - Profile photo upload started: type=image/png, size=41632 bytes
2025-04-27 23:03:19 - Attempting to move uploaded file to: C:/xampp/htdocs/ProjetInnoconnect/uploads/test37_1745787799.png
2025-04-27 23:03:19 - Profile photo uploaded successfully: /test37_1745787799.png
2025-04-27 23:03:19 - Profile updated successfully for user ID: 37
2025-04-27 23:03:19 - User profile loaded for ID: 37, photo_profil: 37
2025-04-27 23:03:19 - Attempting to display profile picture: ../../uploads/37
2025-04-27 23:08:41 - User profile loaded for ID: 37, photo_profil: 37
2025-04-27 23:08:41 - Profile photo upload started: type=image/png, size=41632 bytes
2025-04-27 23:08:41 - Attempting to move uploaded file to: C:/xampp/htdocs/ProjetInnoconnect/uploads/test37_1745788121.png
2025-04-27 23:08:41 - Profile photo uploaded successfully: 37
2025-04-27 23:08:41 - Profile updated successfully for user ID: 37
2025-04-27 23:08:41 - User profile loaded for ID: 37, photo_profil: 37
2025-04-27 23:08:41 - Attempting to display profile picture: ../../uploads/37
2025-04-27 23:11:19 - User profile loaded for ID: 37, photo_profil: 37_1745786488.jpeg
2025-04-27 23:11:19 - Attempting to display profile picture: ../../uploads/37_1745786488.jpeg
2025-04-27 23:11:49 - User profile loaded for ID: 37, photo_profil: 37_1745786488.jpeg
2025-04-27 23:11:49 - Profile photo upload started: type=image/gif, size=10475694 bytes
2025-04-27 23:11:49 - Profile photo upload failed: File size (10475694 bytes) exceeds 5MB limit
2025-04-27 23:11:49 - User profile loaded for ID: 37, photo_profil: 37_1745786488.jpeg
2025-04-27 23:11:49 - Attempting to display profile picture: ../../uploads/37_1745786488.jpeg
2025-04-27 23:12:22 - User profile loaded for ID: 37, photo_profil: 37_1745786488.jpeg
2025-04-27 23:12:22 - Profile photo upload started: type=image/png, size=35111 bytes
2025-04-27 23:12:22 - Attempting to move uploaded file to: C:/xampp/htdocs/ProjetInnoconnect/uploads/test37_1745788342.png
2025-04-27 23:12:22 - Profile photo uploaded successfully: 37_1745786488.jpeg
2025-04-27 23:12:22 - Profile updated successfully for user ID: 37
2025-04-27 23:12:22 - User profile loaded for ID: 37, photo_profil: 37
2025-04-27 23:12:22 - Attempting to display profile picture: ../../uploads/37
2025-04-27 23:17:00 - User profile loaded for ID: 37, photo_profil: 37
2025-04-27 23:17:00 - Profile photo upload started: type=image/png, size=35111 bytes
2025-04-27 23:17:00 - Attempting to move uploaded file to: C:/xampp/htdocs/ProjetInnoconnect/uploads/37_1745788620.png
2025-04-27 23:17:00 - Profile photo uploaded successfully: /37_1745788620.png
2025-04-27 23:17:00 - Profile updated successfully for user ID: 37
2025-04-27 23:17:00 - User profile loaded for ID: 37, photo_profil: 37
2025-04-27 23:17:00 - Attempting to display profile picture: ../../uploads/37
2025-04-27 23:17:05 - User profile loaded for ID: 37, photo_profil: 37
2025-04-27 23:17:05 - Attempting to display profile picture: ../../uploads/37
2025-04-28 20:45:09 - User not logged in, redirecting to login
2025-04-28 20:45:31 - User profile loaded for ID: 35, photo_profil: 35_1745615182.jpg
2025-04-28 20:45:31 - Attempting to display profile picture: ../../uploads/35_1745615182.jpg
2025-04-28 20:45:59 - User profile loaded for ID: 35, photo_profil: 35_1745615182.jpg
2025-04-28 20:45:59 - Profile photo upload started: type=image/jpeg, size=297733 bytes
2025-04-28 20:45:59 - Attempting to move uploaded file to: C:/xampp/htdocs/ProjetInnoconnect/uploads/35_1745865959.jpeg
2025-04-28 20:45:59 - Profile photo uploaded successfully: /35_1745865959.jpeg
2025-04-28 20:45:59 - Profile updated successfully for user ID: 35
2025-04-28 20:45:59 - User profile loaded for ID: 35, photo_profil: 35_1745615182.jpg
2025-04-28 20:45:59 - Attempting to display profile picture: ../../uploads/35_1745615182.jpg
2025-04-28 20:46:48 - User profile loaded for ID: 35, photo_profil: 35_1745615182.jpg
2025-04-28 20:46:48 - Attempting to display profile picture: ../../uploads/35_1745615182.jpg
2025-04-28 20:47:05 - User profile loaded for ID: 35, photo_profil: 35_1745615182.jpg
2025-04-28 20:47:05 - Attempting to display profile picture: ../../uploads/35_1745615182.jpg
2025-04-28 20:47:36 - User profile loaded for ID: 37, photo_profil: 37
2025-04-28 20:47:36 - Attempting to display profile picture: ../../uploads/37
2025-04-28 20:47:59 - User profile loaded for ID: 37, photo_profil: 37
2025-04-28 20:47:59 - Profile photo upload started: type=image/png, size=41632 bytes
2025-04-28 20:47:59 - Attempting to move uploaded file to: C:/xampp/htdocs/ProjetInnoconnect/uploads/37_1745866079.png
2025-04-28 20:47:59 - Profile photo uploaded successfully: /37_1745866079.png
2025-04-28 20:47:59 - Profile updated successfully for user ID: 37
2025-04-28 20:47:59 - User profile loaded for ID: 37, photo_profil: 37
2025-04-28 20:47:59 - Attempting to display profile picture: ../../uploads/37
2025-04-29 12:59:23 - User profile loaded for ID: 37, photo_profil: 37
2025-04-29 12:59:23 - Attempting to display profile picture: ../../uploads/37
2025-04-29 13:00:08 - User profile loaded for ID: 35, photo_profil: 35_1745615182.jpg
2025-04-29 13:00:08 - Attempting to display profile picture: ../../uploads/35_1745615182.jpg
2025-04-29 13:00:38 - User profile loaded for ID: 24, photo_profil: NULL
2025-04-29 13:00:38 - No photo_profil set for user ID: 24
2025-04-29 13:03:44 - User profile loaded for ID: 24, photo_profil: NULL
2025-04-29 13:03:44 - Profile photo upload started: type=image/jpeg, size=297733 bytes
2025-04-29 13:03:44 - Attempting to move uploaded file to: C:/xampp/htdocs/ProjetInnoconnect/uploads/24_1745924624.jpeg
2025-04-29 13:03:44 - Updating user with photo_profil: 24_1745924624.jpeg
2025-04-29 13:03:44 - Photo uploaded and user updated with photo_profil: 24_1745924624.jpeg
2025-04-29 13:03:44 - Profile updated successfully for user ID: 24
2025-04-29 13:03:44 - User profile loaded for ID: 24, photo_profil: 24_1745924624.jpeg
2025-04-29 13:03:44 - Attempting to display profile picture: ../../uploads/24_1745924624.jpeg
2025-04-29 13:05:15 - Starting registration process
2025-04-29 13:05:15 - Attempting to add user: nom=aaaa, email=farah@gmail.com
2025-04-29 13:05:15 - User added successfully with ID: 38
2025-04-29 13:05:15 - Photo upload started: type=image/jpeg, size=73366 bytes
2025-04-29 13:05:15 - Attempting to move uploaded file to: C:/xampp/htdocs/ProjetInnoconnect/uploads/38_1745924715.jpeg
2025-04-29 13:05:15 - Updating user with photo_profil: 38_1745924715.jpeg
2025-04-29 13:05:15 - Photo uploaded and user updated with photo_profil: 38_1745924715.jpeg
2025-04-29 13:05:15 - Registration completed successfully
2025-04-29 13:05:28 - User profile loaded for ID: 38, photo_profil: 38_1745924715.jpeg
2025-04-29 13:05:28 - Attempting to display profile picture: ../../uploads/38_1745924715.jpeg
2025-04-29 13:05:37 - User profile loaded for ID: 38, photo_profil: 38_1745924715.jpeg
2025-04-29 13:05:37 - User account deleted for ID: 38
2025-04-29 13:06:04 - User profile loaded for ID: 37, photo_profil: 37
2025-04-29 13:06:04 - Attempting to display profile picture: ../../uploads/37
2025-04-29 13:06:08 - User profile loaded for ID: 37, photo_profil: 37
2025-04-29 13:06:08 - User account deleted for ID: 37
2025-04-29 13:06:38 - User profile loaded for ID: 24, photo_profil: 24_1745924624.jpeg
2025-04-29 13:06:38 - Attempting to display profile picture: ../../uploads/24_1745924624.jpeg
2025-04-29 19:16:17 - Starting registration process
2025-04-29 19:16:17 - Attempting to add user: nom=hhh, email=h@gmail.com
2025-04-29 19:16:17 - User added successfully with ID: 40
2025-04-29 19:16:17 - Photo upload started: type=image/jpeg, size=297733 bytes
2025-04-29 19:16:17 - Attempting to move uploaded file to: C:/xampp/htdocs/ProjetInnoconnect/uploads/40_1745946977.jpeg
2025-04-29 19:16:17 - Updating user with photo_profil: 40_1745946977.jpeg
2025-04-29 19:16:17 - Photo uploaded and user updated with photo_profil: 40_1745946977.jpeg
2025-04-29 19:16:17 - Registration completed successfully
2025-04-29 19:16:34 - User profile loaded for ID: 40, photo_profil: 40_1745946977.jpeg
2025-04-29 19:16:34 - Attempting to display profile picture: ../../uploads/40_1745946977.jpeg
2025-04-29 19:18:50 - User profile loaded for ID: 24, photo_profil: 24_1745924624.jpeg
2025-04-29 19:18:50 - Attempting to display profile picture: ../../uploads/24_1745924624.jpeg
2025-04-29 22:32:45 - User profile loaded for ID: 24, photo_profil: uploads/photos/6811152f62037.jpeg
2025-04-29 22:32:45 - Attempting to display profile picture: ../../uploads/uploads/photos/6811152f62037.jpeg
2025-04-29 23:33:45 - User profile loaded for ID: 24, photo_profil: uploads/photos/6811152f62037.jpeg
2025-04-29 23:33:45 - Attempting to display profile picture: ../../uploads/uploads/photos/6811152f62037.jpeg
2025-04-30 11:53:10 - User profile loaded for ID: 24, photo_profil: uploads/photos/6811152f62037.jpeg
2025-04-30 11:53:10 - Attempting to display profile picture: ../../uploads/uploads/photos/6811152f62037.jpeg
2025-04-30 11:53:19 - User profile loaded for ID: 24, photo_profil: uploads/photos/6811152f62037.jpeg
2025-04-30 11:53:19 - Profile updated successfully for user ID: 24
2025-04-30 11:53:19 - User profile loaded for ID: 24, photo_profil: uploads/photos/6811152f62037.jpeg
2025-04-30 11:53:19 - Attempting to display profile picture: ../../uploads/uploads/photos/6811152f62037.jpeg
2025-04-30 11:54:10 - User profile loaded for ID: 24, photo_profil: uploads/photos/6811152f62037.jpeg
2025-04-30 11:54:10 - Attempting to display profile picture: ../../uploads/uploads/photos/6811152f62037.jpeg
2025-04-30 11:54:49 - User profile loaded for ID: 24, photo_profil: uploads/photos/6811152f62037.jpeg
2025-04-30 11:54:49 - Profile photo upload started: type=image/jpeg, size=73366 bytes
2025-04-30 11:54:49 - Attempting to move uploaded file to: C:/xampp/htdocs/ProjetInnoconnect/uploads/24_1746006889.jpeg
2025-04-30 11:54:49 - Updating user with photo_profil: 24_1746006889.jpeg
2025-04-30 11:54:49 - Photo uploaded and user updated with photo_profil: 24_1746006889.jpeg
2025-04-30 11:54:49 - Profile updated successfully for user ID: 24
2025-04-30 11:54:49 - User profile loaded for ID: 24, photo_profil: 24_1746006889.jpeg
2025-04-30 11:54:49 - Attempting to display profile picture: ../../uploads/24_1746006889.jpeg
2025-04-30 12:02:25 - User profile loaded for ID: 24, photo_profil: 24_1746006889.jpeg
2025-04-30 12:02:25 - Attempting to display profile picture: 24_1746006889.jpeg
2025-04-30 12:02:26 - User profile loaded for ID: 24, photo_profil: 24_1746006889.jpeg
2025-04-30 12:02:26 - Attempting to display profile picture: 24_1746006889.jpeg
2025-04-30 12:02:45 - User profile loaded for ID: 24, photo_profil: 24_1746006889.jpeg
2025-04-30 12:02:45 - Profile photo upload started: type=image/png, size=41632 bytes
2025-04-30 12:02:45 - Attempting to move uploaded file to: C:/xampp/htdocs/ProjetInnoconnect/uploads/24_1746007365.png
2025-04-30 12:02:45 - Updating user with photo_profil: /ProjetInnoconnect/uploads/24_1746007365.png
2025-04-30 12:02:45 - Photo uploaded and user updated with photo_profil: /ProjetInnoconnect/uploads/24_1746007365.png
2025-04-30 12:03:56 - User profile loaded for ID: 24, photo_profil: /ProjetInnoconnect/uploads/24_1746007365.png
2025-04-30 12:03:56 - Profile photo upload started: type=image/png, size=41632 bytes
2025-04-30 12:03:56 - Attempting to move uploaded file to: C:/xampp/htdocs/ProjetInnoconnect/uploads/24_1746007436.png
2025-04-30 12:03:56 - Updating user with photo_profil: /ProjetInnoconnect/uploads/24_1746007436.png
2025-04-30 12:03:56 - Photo uploaded and user updated with photo_profil: /ProjetInnoconnect/uploads/24_1746007436.png
2025-04-30 12:03:56 - Profile updated successfully for user ID: 24, date_inscription: 2025-04-10
2025-04-30 12:49:00 - User profile loaded for ID: 24, photo_profil: /ProjetInnoconnect/uploads/24_1746007436.png
2025-04-30 12:49:00 - Attempting to display profile picture: /ProjetInnoconnect/uploads/24_1746007436.png
2025-04-30 12:49:19 - User profile loaded for ID: 24, photo_profil: /ProjetInnoconnect/uploads/24_1746007436.png
2025-04-30 12:49:19 - Profile photo upload started: type=image/jpeg, size=103746 bytes
2025-04-30 12:49:19 - Attempting to move uploaded file to: C:/xampp/htdocs/ProjetInnoconnect/uploads/24_1746010159.jpeg
2025-04-30 12:49:19 - Updating user with photo_profil: /ProjetInnoconnect/uploads/24_1746010159.jpeg
2025-04-30 12:49:19 - Photo uploaded and user updated with photo_profil: /ProjetInnoconnect/uploads/24_1746010159.jpeg
2025-04-30 12:49:19 - Profile updated successfully for user ID: 24, date_inscription: 2025-04-10
2025-04-30 14:41:28 - User profile loaded for ID: 24, photo_profil: uploads/photos/681206f8e40d3.png
2025-04-30 14:41:28 - Attempting to display profile picture: uploads/photos/681206f8e40d3.png
2025-04-30 14:53:33 - User profile loaded for ID: 24, photo_profil: 68121cb65bd31.jpeg
2025-04-30 14:53:33 - Attempting to display profile picture: 68121cb65bd31.jpeg
2025-04-30 14:54:01 - User profile loaded for ID: 24, photo_profil: 68121cb65bd31.jpeg
2025-04-30 14:54:01 - Profile updated successfully for user ID: 24, date_inscription: 2025-04-09
2025-04-30 14:57:32 - User profile loaded for ID: 24, photo_profil: 68121cb65bd31.jpeg
2025-04-30 14:57:32 - Attempting to display profile picture: /ProjetInnoconnect/68121cb65bd31.jpeg, absolute path: C:/xampp/htdocs/ProjetInnoconnect/68121cb65bd31.jpeg
2025-04-30 14:57:32 - Profile picture not found at: C:/xampp/htdocs/ProjetInnoconnect/68121cb65bd31.jpeg
2025-04-30 14:57:38 - User profile loaded for ID: 24, photo_profil: 68121cb65bd31.jpeg
2025-04-30 14:57:38 - Attempting to display profile picture: /ProjetInnoconnect/68121cb65bd31.jpeg, absolute path: C:/xampp/htdocs/ProjetInnoconnect/68121cb65bd31.jpeg
2025-04-30 14:57:38 - Profile picture not found at: C:/xampp/htdocs/ProjetInnoconnect/68121cb65bd31.jpeg
2025-04-30 14:57:51 - User profile loaded for ID: 24, photo_profil: 68121cb65bd31.jpeg
2025-04-30 14:57:51 - Profile photo upload started: type=image/jpeg, size=103746 bytes
2025-04-30 14:57:51 - Attempting to move uploaded file to: C:/xampp/htdocs/ProjetInnoconnect/uploads/24_1746017871.jpeg
2025-04-30 14:57:51 - Updating user with photo_profil: uploads/24_1746017871.jpeg
2025-04-30 14:57:51 - Photo uploaded and user updated with photo_profil: uploads/24_1746017871.jpeg
2025-04-30 14:57:51 - Profile updated successfully for user ID: 24, date_inscription: 2025-04-09
2025-04-30 14:58:49 - User profile loaded for ID: 24, photo_profil: uploads/24_1746017871.jpeg
2025-04-30 14:58:49 - Attempting to display profile picture: uploads/24_1746017871.jpeg
2025-04-30 14:58:54 - User profile loaded for ID: 24, photo_profil: uploads/24_1746017871.jpeg
2025-04-30 14:58:54 - Attempting to display profile picture: uploads/24_1746017871.jpeg
2025-04-30 15:01:32 - User profile loaded for ID: 24, photo_profil: uploads/24_1746017871.jpeg
2025-04-30 15:01:32 - Attempting to display profile picture: uploads/24_1746017871.jpeg
2025-04-30 15:07:11 - User profile loaded for ID: 24, photo_profil: uploads/24_1746017871.jpeg
2025-04-30 15:07:11 - Attempting to display profile picture: uploads/24_1746017871.jpeg
2025-04-30 15:07:23 - User profile loaded for ID: 24, photo_profil: uploads/24_1746017871.jpeg
2025-04-30 15:07:23 - Attempting to display profile picture: ../../uploads/uploads/24_1746017871.jpeg
2025-04-30 15:07:35 - User profile loaded for ID: 24, photo_profil: uploads/24_1746017871.jpeg
2025-04-30 15:07:35 - Profile photo upload started: type=image/jpeg, size=103746 bytes
2025-04-30 15:07:35 - Attempting to move uploaded file to: C:/xampp/htdocs/ProjetInnoconnect/uploads/24_1746018455.jpeg
2025-04-30 15:07:35 - Updating user with photo_profil: 24_1746018455.jpeg
2025-04-30 15:07:35 - Photo uploaded and user updated with photo_profil: 24_1746018455.jpeg
2025-04-30 15:07:35 - Profile updated successfully for user ID: 24
2025-04-30 15:07:35 - User profile loaded for ID: 24, photo_profil: 24_1746018455.jpeg
2025-04-30 15:07:35 - Attempting to display profile picture: ../../uploads/24_1746018455.jpeg
2025-04-30 15:07:38 - User profile loaded for ID: 24, photo_profil: 24_1746018455.jpeg
2025-04-30 15:07:38 - Attempting to display profile picture: ../../uploads/24_1746018455.jpeg
2025-04-30 15:07:59 - User profile loaded for ID: 24, photo_profil: 24_1746018455.jpeg
2025-04-30 15:07:59 - Attempting to display profile picture: ../../uploads/24_1746018455.jpeg
2025-04-30 15:08:17 - User profile loaded for ID: 24, photo_profil: 24_1746018455.jpeg
2025-04-30 15:08:17 - Profile photo upload started: type=image/png, size=41632 bytes
2025-04-30 15:08:17 - Attempting to move uploaded file to: C:/xampp/htdocs/ProjetInnoconnect/uploads/24_1746018497.png
2025-04-30 15:08:17 - Updating user with photo_profil: 24_1746018497.png
2025-04-30 15:08:17 - Photo uploaded and user updated with photo_profil: 24_1746018497.png
2025-04-30 15:08:17 - Profile updated successfully for user ID: 24
2025-04-30 15:08:17 - User profile loaded for ID: 24, photo_profil: 24_1746018497.png
2025-04-30 15:08:17 - Attempting to display profile picture: ../../uploads/24_1746018497.png
2025-04-30 15:10:51 - User profile loaded for ID: 24, photo_profil: 24_1746018497.png
2025-04-30 15:10:51 - Attempting to display profile picture: ../../uploads/24_1746018497.png
2025-04-30 15:12:21 - Starting registration process
2025-04-30 15:12:21 - Attempting to add user: nom=ffmdmd, email=hjjddjk@gmail.com
2025-04-30 15:12:21 - User added successfully with ID: 55
2025-04-30 15:12:21 - Photo upload started: type=image/jpeg, size=141745 bytes
2025-04-30 15:12:21 - Attempting to move uploaded file to: C:/xampp/htdocs/ProjetInnoconnect/uploads/55_1746018741.jpg
2025-04-30 15:12:21 - Updating user with photo_profil: 55_1746018741.jpg
2025-04-30 15:12:21 - Photo uploaded and user updated with photo_profil: 55_1746018741.jpg
2025-04-30 15:12:21 - Registration completed successfully
2025-04-30 15:12:55 - User profile loaded for ID: 53, photo_profil: /ProjetInnoconnect/uploads/68120ecd85027-background.jpeg
2025-04-30 15:12:55 - Attempting to display profile picture: ../../uploads//ProjetInnoconnect/uploads/68120ecd85027-background.jpeg
2025-04-30 15:13:28 - User profile loaded for ID: 53, photo_profil: /ProjetInnoconnect/uploads/68120ecd85027-background.jpeg
2025-04-30 15:13:29 - Profile photo upload started: type=image/jpeg, size=141745 bytes
2025-04-30 15:13:29 - Attempting to move uploaded file to: C:/xampp/htdocs/ProjetInnoconnect/uploads/53_1746018809.jpg
2025-04-30 15:13:29 - Updating user with photo_profil: 53_1746018809.jpg
2025-04-30 15:13:29 - Photo uploaded and user updated with photo_profil: 53_1746018809.jpg
2025-04-30 15:13:29 - Profile updated successfully for user ID: 53
2025-04-30 15:13:29 - User profile loaded for ID: 53, photo_profil: 53_1746018809.jpg
2025-04-30 15:13:29 - Attempting to display profile picture: ../../uploads/53_1746018809.jpg
2025-04-30 15:14:14 - Starting registration process
2025-04-30 15:14:14 - Attempting to add user: nom=ezzine, email=molka@gmail.com
2025-04-30 15:14:14 - User added successfully with ID: 56
2025-04-30 15:14:14 - Photo upload started: type=image/jpeg, size=73366 bytes
2025-04-30 15:14:14 - Attempting to move uploaded file to: C:/xampp/htdocs/ProjetInnoconnect/uploads/56_1746018854.jpeg
2025-04-30 15:14:14 - Updating user with photo_profil: 56_1746018854.jpeg
2025-04-30 15:14:14 - Photo uploaded and user updated with photo_profil: 56_1746018854.jpeg
2025-04-30 15:14:14 - Registration completed successfully
2025-04-30 15:14:26 - User profile loaded for ID: 56, photo_profil: 56_1746018854.jpeg
2025-04-30 15:14:26 - Attempting to display profile picture: ../../uploads/56_1746018854.jpeg
2025-04-30 15:15:23 - User profile loaded for ID: 24, photo_profil: 24_1746018497.png
2025-04-30 15:15:23 - Attempting to display profile picture: ../../uploads/24_1746018497.png
2025-04-30 15:23:16 - Starting registration process
2025-04-30 15:23:17 - Attempting to add user: nom=mohamed, email=maram@gmail.com
2025-04-30 15:23:17 - User added successfully with ID: 57
2025-04-30 15:23:17 - Photo upload started: type=image/jpeg, size=141745 bytes
2025-04-30 15:23:17 - Attempting to move uploaded file to: C:/xampp/htdocs/ProjetInnoconnect/uploads/57_1746019397.jpg
2025-04-30 15:23:17 - Updating user with photo_profil: 57_1746019397.jpg
2025-04-30 15:23:17 - Photo uploaded and user updated with photo_profil: 57_1746019397.jpg
2025-04-30 15:23:17 - Registration completed successfully
2025-04-30 15:23:32 - User profile loaded for ID: 57, photo_profil: 57_1746019397.jpg
2025-04-30 15:23:32 - Attempting to display profile picture: ../../uploads/57_1746019397.jpg
2025-04-30 15:24:02 - User profile loaded for ID: 57, photo_profil: 57_1746019397.jpg
2025-04-30 15:24:02 - Attempting to display profile picture: ../../uploads/57_1746019397.jpg
2025-04-30 15:26:45 - Starting registration process
2025-04-30 15:26:46 - Attempting to add user: nom=sliti, email=ala@gmail.com
2025-04-30 15:26:46 - User added successfully with ID: 58
2025-04-30 15:26:46 - Photo upload started: type=image/jpeg, size=103746 bytes
2025-04-30 15:26:46 - Attempting to move uploaded file to: C:/xampp/htdocs/ProjetInnoconnect/uploads/58_1746019606.jpeg
2025-04-30 15:26:46 - Updating user with photo_profil: 58_1746019606.jpeg
2025-04-30 15:26:46 - Photo uploaded and user updated with photo_profil: 58_1746019606.jpeg
2025-04-30 15:26:46 - Registration completed successfully
2025-04-30 15:26:58 - User profile loaded for ID: 58, photo_profil: 58_1746019606.jpeg
2025-04-30 15:26:58 - Attempting to display profile picture: ../../uploads/58_1746019606.jpeg
2025-04-30 15:40:43 - Form submitted: nom=rabie, prenom=rrr, email=rr@gmail.com, type=administrateur, date_inscription=08/07/2024
2025-04-30 15:40:43 - Password hashed for email: rr@gmail.com
2025-04-30 15:40:43 - Photo uploaded successfully: uploads/6812285b554c2-idea.png
2025-04-30 15:40:43 - Photo value before insertion: uploads/6812285b554c2-idea.png
2025-04-30 15:40:43 - User addition successful: ID=61, email=rr@gmail.com
2025-05-01 20:48:52 - Starting registration process
2025-05-01 20:48:53 - reCAPTCHA verified successfully via Google
2025-05-01 20:48:53 - Attempting to add user: nom=bassem, email=farouha@gmail.com
2025-05-01 20:48:53 - User added successfully with ID: 64
2025-05-01 20:48:53 - Photo upload started: type=image/jpeg, size=141745 bytes
2025-05-01 20:48:53 - Attempting to move uploaded file to: C:/xampp/htdocs/ProjetInnoconnect/uploads/64_1746125333.jpg
2025-05-01 20:48:53 - Updating user with photo_profil: 64_1746125333.jpg
2025-05-01 20:48:53 - Photo uploaded and user updated with photo_profil: 64_1746125333.jpg
2025-05-01 20:48:53 - Registration completed successfully
2025-05-01 20:55:11 - User profile loaded for ID: 64, photo_profil: 64_1746125333.jpg
2025-05-01 20:55:11 - Attempting to display profile picture: ../../uploads/64_1746125333.jpg
2025-05-02 17:23:40 - Starting registration process
2025-05-02 17:23:41 - reCAPTCHA verified successfully via Google
2025-05-02 17:23:41 - Attempting to add user: nom=bassem, email=farawla@gmail.com
2025-05-02 17:23:41 - User added successfully with ID: 65
2025-05-02 17:23:41 - Photo upload started: type=image/jpeg, size=141745 bytes
2025-05-02 17:23:41 - Attempting to move uploaded file to: C:/xampp/htdocs/ProjetInnoconnect/uploads/65_1746199421.jpg
2025-05-02 17:23:41 - Updating user with photo_profil: 65_1746199421.jpg
2025-05-02 17:23:41 - Photo uploaded and user updated with photo_profil: 65_1746199421.jpg
2025-05-02 17:23:41 - RÃ©sultat de la gÃ©nÃ©ration d'encodage : 
2025-05-02 17:23:41 - Registration completed successfully
2025-05-02 17:25:44 - User profile loaded for ID: 65, photo_profil: 65_1746199421.jpg
2025-05-02 17:25:44 - Attempting to display profile picture: ../../uploads/65_1746199421.jpg
2025-05-02 21:07:34 - User profile loaded for ID: 65, photo_profil: 65_1746199421.jpg
2025-05-02 21:07:34 - User account deleted for ID: 65
2025-05-02 21:08:31 - Starting registration process
2025-05-02 21:08:32 - reCAPTCHA verified successfully via Google
2025-05-02 21:08:32 - Attempting to add user: nom=bassem, email=farawla@gmail.com
2025-05-02 21:08:32 - User added successfully with ID: 66
2025-05-02 21:08:32 - Photo upload started: type=image/jpeg, size=62133 bytes
2025-05-02 21:08:32 - Attempting to move uploaded file to: C:/xampp/htdocs/ProjetInnoconnect/uploads/66_1746212912.jpg
2025-05-02 21:08:32 - Updating user with photo_profil: 66_1746212912.jpg
2025-05-02 21:08:32 - Photo uploaded and user updated with photo_profil: 66_1746212912.jpg
2025-05-02 21:08:36 - RÃ©sultat de la gÃ©nÃ©ration d'encodage : Encoding généré avec succès

2025-05-02 21:08:36 - Registration completed successfully
2025-05-02 21:09:18 - User profile loaded for ID: 66, photo_profil: 66_1746212912.jpg
2025-05-02 21:09:18 - Attempting to display profile picture: ../../uploads/66_1746212912.jpg
2025-05-02 21:16:03 - Starting registration process
2025-05-02 21:16:04 - reCAPTCHA verified successfully via Google
2025-05-02 21:16:04 - Attempting to add user: nom=jkdsosd, email=lll@gmail.com
2025-05-02 21:16:04 - User added successfully with ID: 67
2025-05-02 21:16:04 - Photo upload failed: Profile picture is required
2025-05-02 21:22:26 - Starting registration process
2025-05-02 21:22:27 - reCAPTCHA verified successfully via Google
2025-05-02 21:22:27 - Attempting to add user: nom=fff, email=rr@gmail.com
2025-05-02 21:22:27 - User added successfully with ID: 68
2025-05-02 21:22:27 - Photo upload started: type=image/jpeg, size=10534 bytes
2025-05-02 21:22:27 - Attempting to move uploaded file to: C:/xampp/htdocs/ProjetInnoconnect/uploads/68_1746213747.jpeg
2025-05-02 21:22:27 - Updating user with photo_profil: 68_1746213747.jpeg
2025-05-02 21:22:27 - Photo uploaded and user updated with photo_profil: 68_1746213747.jpeg
2025-05-02 21:22:31 - RÃ©sultat de la gÃ©nÃ©ration d'encodage : Encoding généré avec succès

2025-05-02 21:22:31 - Registration completed successfully
2025-05-02 21:22:56 - User profile loaded for ID: 68, photo_profil: 68_1746213747.jpeg
2025-05-02 21:22:56 - Attempting to display profile picture: ../../uploads/68_1746213747.jpeg
2025-05-02 21:33:20 - User profile loaded for ID: 68, photo_profil: 68_1746213747.jpeg
2025-05-02 21:33:20 - User account deleted for ID: 68
2025-05-02 21:34:05 - Starting registration process
2025-05-02 21:34:06 - reCAPTCHA verified successfully via Google
2025-05-02 21:34:06 - Attempting to add user: nom=jjjs, email=klaudia@gmail.com
2025-05-02 21:34:06 - User added successfully with ID: 69
2025-05-02 21:34:06 - Photo upload started: type=image/jpeg, size=63959 bytes
2025-05-02 21:34:06 - Attempting to move uploaded file to: C:/xampp/htdocs/ProjetInnoconnect/uploads/69_1746214446.jpg
2025-05-02 21:34:06 - Updating user with photo_profil: 69_1746214446.jpg
2025-05-02 21:34:06 - Photo uploaded and user updated with photo_profil: 69_1746214446.jpg
2025-05-02 21:34:10 - RÃ©sultat de la gÃ©nÃ©ration d'encodage : Encoding généré avec succès

2025-05-02 21:34:10 - Registration completed successfully
2025-05-02 21:34:35 - Starting face login process
2025-05-02 21:34:35 - No webcam image received
2025-05-02 21:34:45 - User profile loaded for ID: 69, photo_profil: 69_1746214446.jpg
2025-05-02 21:34:45 - Attempting to display profile picture: ../../uploads/69_1746214446.jpg
2025-05-02 21:43:43 - Starting registration process
2025-05-02 21:43:44 - reCAPTCHA verified successfully via Google
2025-05-02 21:43:44 - Attempting to add user: nom=bassem, email=bassouma@gmail.com
2025-05-02 21:43:44 - User added successfully with ID: 70
2025-05-02 21:43:44 - Photo upload started: type=image/jpeg, size=10534 bytes
2025-05-02 21:43:44 - Attempting to move uploaded file to: C:/xampp/htdocs/ProjetInnoconnect/uploads/70_1746215024.jpeg
2025-05-02 21:43:44 - Updating user with photo_profil: 70_1746215024.jpeg
2025-05-02 21:43:44 - Photo uploaded and user updated with photo_profil: 70_1746215024.jpeg
2025-05-02 21:43:47 - RÃ©sultat de la gÃ©nÃ©ration d'encodage : Encoding généré avec succès

2025-05-02 21:43:47 - Registration completed successfully
2025-05-02 21:44:09 - Starting face login process
2025-05-02 21:44:09 - No webcam image received
2025-05-02 21:56:40 - User profile loaded for ID: 70, photo_profil: 70_1746215024.jpeg
2025-05-02 21:56:40 - Attempting to display profile picture: ../../uploads/70_1746215024.jpeg
2025-05-02 21:56:43 - User profile loaded for ID: 70, photo_profil: 70_1746215024.jpeg
2025-05-02 21:56:43 - User account deleted for ID: 70
2025-05-02 22:00:35 - Starting registration process
2025-05-02 22:00:36 - reCAPTCHA verified successfully via Google
2025-05-02 22:00:36 - Attempting to add user: nom=bassem, email=basouma@gmail.com
2025-05-02 22:00:36 - User added successfully with ID: 71
2025-05-02 22:00:36 - Photo upload started: type=image/jpeg, size=273785 bytes
2025-05-02 22:00:36 - Attempting to move uploaded file to: C:/xampp/htdocs/ProjetInnoconnect/uploads/71_1746216036.jpeg
2025-05-02 22:00:36 - Updating user with photo_profil: 71_1746216036.jpeg
2025-05-02 22:00:36 - Photo uploaded and user updated with photo_profil: 71_1746216036.jpeg
2025-05-02 22:00:41 - RÃ©sultat de la gÃ©nÃ©ration d'encodage : Encoding généré avec succès

2025-05-02 22:00:41 - Registration completed successfully
2025-05-02 22:00:59 - Starting face login process
2025-05-02 22:00:59 - No webcam image received
2025-05-02 22:17:19 - Starting face login process
2025-05-02 22:17:19 - No webcam image received
2025-05-02 22:17:36 - Starting face login process
2025-05-02 22:17:36 - No webcam image received
2025-05-02 22:17:45 - Starting face login process
2025-05-02 22:17:45 - No webcam image received
2025-05-02 22:17:53 - Starting face login process
2025-05-02 22:17:53 - No webcam image received
2025-05-02 22:18:01 - Starting face login process
2025-05-02 22:18:01 - No webcam image received
2025-05-02 22:18:08 - Starting face login process
2025-05-02 22:18:08 - No webcam image received
2025-05-02 22:38:31 - Starting face login process
2025-05-02 22:38:31 - No webcam image received
2025-05-02 22:38:48 - Starting face login process
2025-05-02 22:38:48 - No webcam image received
2025-05-02 22:38:54 - User profile loaded for ID: 66, photo_profil: 66_1746212912.jpg
2025-05-02 22:38:54 - Attempting to display profile picture: ../../uploads/66_1746212912.jpg
2025-05-02 22:40:41 - Starting face login process
2025-05-02 22:40:41 - No webcam image received
2025-05-02 22:42:39 - Starting face login process
2025-05-02 22:42:39 - No webcam image received
2025-05-02 22:46:50 - Starting face login process
2025-05-02 22:46:50 - No webcam image received
2025-05-02 22:48:19 - Starting face login process
2025-05-02 22:48:19 - No webcam image received
2025-05-02 22:56:37 - User profile loaded for ID: 66, photo_profil: 66_1746212912.jpg
2025-05-02 22:56:37 - Attempting to display profile picture: ../../uploads/66_1746212912.jpg
2025-05-02 22:58:14 - Starting face login process
2025-05-02 22:58:14 - Files array: Array
(
)

2025-05-02 22:58:14 - No webcam image received. No file uploaded
2025-05-02 22:58:21 - User profile loaded for ID: 66, photo_profil: 66_1746212912.jpg
2025-05-02 22:58:21 - Attempting to display profile picture: ../../uploads/66_1746212912.jpg
2025-05-02 23:00:04 - Starting face login process
2025-05-02 23:00:04 - Files array: Array
(
)

2025-05-02 23:00:04 - No webcam image received. No file uploaded
2025-05-02 23:00:13 - Starting face login process
2025-05-02 23:00:13 - Files array: Array
(
)

2025-05-02 23:00:13 - No webcam image received. No file uploaded
2025-05-02 23:07:11 - Starting face login process
2025-05-02 23:07:11 - Files array: Array
(
)

2025-05-02 23:07:11 - No webcam image received. No file uploaded
2025-05-06 13:45:10 - Starting registration process
2025-05-06 13:45:10 - reCAPTCHA verified successfully via Google
2025-05-06 13:45:10 - Attempting to add user: nom=bassem, email=faryoula@esprit.tn
2025-05-06 13:45:10 - User added successfully with ID: 72
2025-05-06 13:45:10 - Photo upload started: type=image/jpeg, size=62133 bytes
2025-05-06 13:45:10 - Attempting to move uploaded file to: C:/xampp/htdocs/ProjetInnoconnect/uploads/72_1746531910.jpg
2025-05-06 13:45:10 - Updating user with photo_profil: 72_1746531910.jpg
2025-05-06 13:45:10 - Photo uploaded and user updated with photo_profil: 72_1746531910.jpg
2025-05-06 13:45:16 - RÃ©sultat de la gÃ©nÃ©ration d'encodage : Encoding généré avec succès

2025-05-06 13:45:16 - Registration completed successfully
2025-05-06 13:45:38 - User profile loaded for ID: 72, photo_profil: 72_1746531910.jpg
2025-05-06 13:45:38 - Attempting to display profile picture: ../../uploads/72_1746531910.jpg
2025-05-06 13:51:07 - User profile loaded for ID: 72, photo_profil: 72_1746531910.jpg
2025-05-06 13:51:07 - Attempting to display profile picture: ../../uploads/72_1746531910.jpg
2025-05-06 13:52:55 - Starting registration process
2025-05-06 13:52:56 - reCAPTCHA verified successfully via Google
2025-05-06 13:52:56 - Attempting to add user: nom=chakroun, email=nermine@gmail.com
2025-05-06 13:56:40 - Starting registration process
2025-05-06 13:56:41 - reCAPTCHA verified successfully via Google
2025-05-06 13:56:41 - Attempting to add user: nom=chakroun, email=nermine@gmail.com
2025-05-06 16:05:02 - User profile loaded for ID: 72, photo_profil: 72_1746531910.jpg
2025-05-06 16:05:02 - Attempting to display profile picture: ../../uploads/72_1746531910.jpg
2025-05-06 16:05:26 - User profile loaded for ID: 72, photo_profil: 72_1746531910.jpg
2025-05-06 16:05:26 - Attempting to display profile picture: ../../uploads/72_1746531910.jpg
2025-05-06 17:43:07 - User profile loaded for ID: 72, photo_profil: 72_1746531910.jpg
2025-05-06 17:43:07 - Attempting to display profile picture: ../../uploads/72_1746531910.jpg
2025-05-06 17:48:24 - User profile loaded for ID: 72, photo_profil: 72_1746531910.jpg
2025-05-06 17:48:24 - Attempting to display profile picture: ../../uploads/72_1746531910.jpg
2025-05-06 17:50:00 - User profile loaded for ID: 72, photo_profil: 72_1746531910.jpg
2025-05-06 17:50:00 - Attempting to display profile picture: ../../uploads/72_1746531910.jpg
2025-05-06 17:56:23 - User profile loaded for ID: 72, photo_profil: 72_1746531910.jpg
2025-05-06 17:56:23 - Attempting to display profile picture: ../../uploads/72_1746531910.jpg
2025-05-06 17:56:56 - User profile loaded for ID: 72, photo_profil: 72_1746531910.jpg
2025-05-06 17:56:56 - Attempting to display profile picture: ../../uploads/72_1746531910.jpg
2025-05-06 18:02:02 - User profile loaded for ID: 72, photo_profil: 72_1746531910.jpg
2025-05-06 18:02:02 - Attempting to display profile picture: ../../uploads/72_1746531910.jpg
2025-05-06 18:08:05 - User profile loaded for ID: 72, photo_profil: 72_1746531910.jpg
2025-05-06 18:08:05 - Attempting to display profile picture: ../../uploads/72_1746531910.jpg
2025-05-06 18:13:41 - User profile loaded for ID: 72, photo_profil: 72_1746531910.jpg
2025-05-06 18:13:41 - Attempting to display profile picture: ../../uploads/72_1746531910.jpg
2025-05-07 21:25:35 - Starting face login process
2025-05-07 21:25:35 - No webcam image received. No file uploaded
2025-05-07 21:25:49 - Starting face login process
2025-05-07 21:25:49 - No webcam image received. No file uploaded
2025-05-07 21:26:00 - Starting face login process
2025-05-07 21:26:00 - No webcam image received. No file uploaded
2025-05-07 21:26:19 - User profile loaded for ID: 72, photo_profil: 72_1746531910.jpg
2025-05-07 21:26:19 - Attempting to display profile picture: ../../uploads/72_1746531910.jpg
2025-05-07 21:53:48 - Delete request received for ID: 62
2025-05-07 21:53:48 - User deleted successfully: ID 62
2025-05-07 22:05:31 - User profile loaded for ID: 72, photo_profil: 72_1746531910.jpg
2025-05-07 22:05:31 - Attempting to display profile picture: ../../uploads/72_1746531910.jpg
2025-05-07 22:08:16 - User profile loaded for ID: 72, photo_profil: 72_1746531910.jpg
2025-05-07 22:08:16 - Attempting to display profile picture: ../../uploads/72_1746531910.jpg
2025-05-07 22:15:17 - Starting registration process
2025-05-07 22:15:17 - reCAPTCHA verified successfully via Google
2025-05-07 22:15:17 - Attempting to add user: nom=jkdkd, email=sou@gmail.com
2025-05-07 22:15:17 - User added successfully with ID: 73
2025-05-07 22:15:17 - Photo upload started: type=image/jpeg, size=63959 bytes
2025-05-07 22:15:17 - Attempting to move uploaded file to: C:/xampp/htdocs/ProjetInnoconnect/uploads/73_1746648917.jpg
2025-05-07 22:15:17 - Updating user with photo_profil: uploads/73_1746648917.jpg
2025-05-07 22:15:17 - Photo uploaded and user updated with photo_profil: uploads/73_1746648917.jpg
2025-05-07 22:15:22 - RÃ©sultat de la gÃ©nÃ©ration d'encodage : Encoding généré avec succès

2025-05-07 22:15:22 - Registration completed successfully
2025-05-07 22:15:59 - User profile loaded for ID: 73, photo_profil: uploads/73_1746648917.jpg
2025-05-07 22:15:59 - Attempting to display profile picture: ../../uploads/uploads/73_1746648917.jpg
2025-05-07 22:28:17 - Starting registration process
2025-05-07 22:28:18 - reCAPTCHA verified successfully via Google
2025-05-07 22:28:18 - Attempting to add user: nom=hsjssj, email=jjj@gmail.com
2025-05-07 22:28:18 - User added successfully with ID: 74
2025-05-07 22:28:18 - Photo upload started: type=image/jpeg, size=10534 bytes
2025-05-07 22:28:18 - Attempting to move uploaded file to: C:/xampp/htdocs/ProjetInnoconnect/uploads/74_1746649698.jpeg
2025-05-07 22:28:18 - Updating user with photo_profil: 74_1746649698.jpeg
2025-05-07 22:28:18 - Photo uploaded and user updated with photo_profil: 74_1746649698.jpeg
2025-05-07 22:28:21 - RÃ©sultat de la gÃ©nÃ©ration d'encodage : Encoding généré avec succès

2025-05-07 22:28:21 - Registration completed successfully
2025-05-07 22:28:54 - User profile loaded for ID: 74, photo_profil: 74_1746649698.jpeg
2025-05-07 22:28:54 - Attempting to display profile picture: ../../uploads/74_1746649698.jpeg
2025-05-07 22:48:45 - User profile loaded for ID: 71, photo_profil: 71_1746216036.jpeg
2025-05-07 22:48:45 - Attempting to display profile picture: ../../uploads/71_1746216036.jpeg
2025-05-08 10:19:59 - User profile loaded for ID: 72, photo_profil: 72_1746531910.jpg
2025-05-08 10:19:59 - Attempting to display profile picture: ../../uploads/72_1746531910.jpg
2025-05-08 10:39:30 - CSRF token validation failed
2025-05-08 10:39:30 - CSRF token validation failed
2025-05-08 10:39:30 - CSRF token validation failed
2025-05-08 10:39:30 - CSRF token validation failed
2025-05-08 10:39:30 - CSRF token validation failed
2025-05-08 10:39:30 - CSRF token validation failed
2025-05-08 10:39:30 - CSRF token validation failed
2025-05-08 10:39:30 - CSRF token validation failed
2025-05-08 10:39:30 - CSRF token validation failed
2025-05-08 10:39:30 - CSRF token validation failed
2025-05-08 10:39:30 - CSRF token validation failed
2025-05-08 10:39:30 - CSRF token validation failed
2025-05-08 10:39:30 - CSRF token validation failed
2025-05-08 10:39:30 - CSRF token validation failed
2025-05-08 10:39:30 - CSRF token validation failed
2025-05-08 10:39:30 - CSRF token validation failed
2025-05-08 10:39:30 - CSRF token validation failed
2025-05-08 10:39:30 - CSRF token validation failed
2025-05-08 10:39:30 - CSRF token validation failed
2025-05-08 10:39:30 - CSRF token validation failed
2025-05-08 10:39:31 - CSRF token validation failed
2025-05-08 10:39:31 - CSRF token validation failed
2025-05-08 10:39:31 - CSRF token validation failed
2025-05-08 10:39:31 - CSRF token validation failed
2025-05-08 10:39:31 - CSRF token validation failed
2025-05-08 10:39:31 - CSRF token validation failed
2025-05-08 10:39:31 - CSRF token validation failed
2025-05-08 10:39:31 - CSRF token validation failed
2025-05-08 10:39:31 - CSRF token validation failed
2025-05-08 10:39:31 - CSRF token validation failed
2025-05-08 10:39:31 - CSRF token validation failed
2025-05-08 10:39:31 - CSRF token validation failed
2025-05-08 10:39:31 - CSRF token validation failed
2025-05-08 10:39:31 - CSRF token validation failed
2025-05-08 10:39:31 - CSRF token validation failed
2025-05-08 10:39:31 - CSRF token validation failed
2025-05-08 10:39:31 - CSRF token validation failed
2025-05-08 10:39:31 - CSRF token validation failed
2025-05-08 10:39:31 - CSRF token validation failed
2025-05-08 10:39:31 - CSRF token validation failed
2025-05-08 10:39:36 - CSRF token validation failed
2025-05-08 10:39:36 - CSRF token validation failed
2025-05-08 10:39:36 - CSRF token validation failed
2025-05-08 10:39:36 - CSRF token validation failed
2025-05-08 10:39:36 - CSRF token validation failed
2025-05-08 10:39:36 - CSRF token validation failed
2025-05-08 10:39:36 - CSRF token validation failed
2025-05-08 10:39:36 - CSRF token validation failed
2025-05-08 10:39:36 - CSRF token validation failed
2025-05-08 10:39:36 - CSRF token validation failed
2025-05-08 10:39:36 - CSRF token validation failed
2025-05-08 10:39:36 - CSRF token validation failed
2025-05-08 10:39:36 - CSRF token validation failed
2025-05-08 10:39:36 - CSRF token validation failed
2025-05-08 10:39:36 - CSRF token validation failed
2025-05-08 10:39:36 - CSRF token validation failed
2025-05-08 10:39:36 - CSRF token validation failed
2025-05-08 10:39:36 - CSRF token validation failed
2025-05-08 10:39:36 - CSRF token validation failed
2025-05-08 10:39:36 - CSRF token validation failed
2025-05-08 10:39:41 - CSRF token validation failed
2025-05-08 10:39:41 - CSRF token validation failed
2025-05-08 10:39:41 - CSRF token validation failed
2025-05-08 10:39:41 - CSRF token validation failed
2025-05-08 10:39:41 - CSRF token validation failed
2025-05-08 10:39:41 - CSRF token validation failed
2025-05-08 10:39:41 - CSRF token validation failed
2025-05-08 10:39:41 - CSRF token validation failed
2025-05-08 10:39:41 - CSRF token validation failed
2025-05-08 10:39:41 - CSRF token validation failed
2025-05-08 10:39:41 - CSRF token validation failed
2025-05-08 10:39:41 - CSRF token validation failed
2025-05-08 10:39:41 - CSRF token validation failed
2025-05-08 10:39:41 - CSRF token validation failed
2025-05-08 10:39:41 - CSRF token validation failed
2025-05-08 10:39:41 - CSRF token validation failed
2025-05-08 10:39:41 - CSRF token validation failed
2025-05-08 10:39:41 - CSRF token validation failed
2025-05-08 10:39:41 - CSRF token validation failed
2025-05-08 10:39:41 - CSRF token validation failed
2025-05-08 10:39:42 - CSRF token validation failed
2025-05-08 10:39:42 - CSRF token validation failed
2025-05-08 10:39:42 - CSRF token validation failed
2025-05-08 10:39:42 - CSRF token validation failed
2025-05-08 10:39:42 - CSRF token validation failed
2025-05-08 10:39:42 - CSRF token validation failed
2025-05-08 10:39:42 - CSRF token validation failed
2025-05-08 10:39:42 - CSRF token validation failed
2025-05-08 10:39:42 - CSRF token validation failed
2025-05-08 10:39:42 - CSRF token validation failed
2025-05-08 10:39:42 - CSRF token validation failed
2025-05-08 10:39:42 - CSRF token validation failed
2025-05-08 10:39:42 - CSRF token validation failed
2025-05-08 10:39:42 - CSRF token validation failed
2025-05-08 10:39:42 - CSRF token validation failed
2025-05-08 10:39:42 - CSRF token validation failed
2025-05-08 10:39:42 - CSRF token validation failed
2025-05-08 10:39:42 - CSRF token validation failed
2025-05-08 10:39:42 - CSRF token validation failed
2025-05-08 10:39:42 - CSRF token validation failed
2025-05-08 10:39:46 - CSRF token validation failed
2025-05-08 10:39:46 - CSRF token validation failed
2025-05-08 10:39:46 - CSRF token validation failed
2025-05-08 10:39:46 - CSRF token validation failed
2025-05-08 10:39:46 - CSRF token validation failed
2025-05-08 10:39:46 - CSRF token validation failed
2025-05-08 10:39:46 - CSRF token validation failed
2025-05-08 10:39:46 - CSRF token validation failed
2025-05-08 10:39:46 - CSRF token validation failed
2025-05-08 10:39:46 - CSRF token validation failed
2025-05-08 10:39:46 - CSRF token validation failed
2025-05-08 10:39:46 - CSRF token validation failed
2025-05-08 10:39:46 - CSRF token validation failed
2025-05-08 10:39:46 - CSRF token validation failed
2025-05-08 10:39:46 - CSRF token validation failed
2025-05-08 10:39:46 - CSRF token validation failed
2025-05-08 10:39:46 - CSRF token validation failed
2025-05-08 10:39:46 - CSRF token validation failed
2025-05-08 10:39:46 - CSRF token validation failed
2025-05-08 10:39:46 - CSRF token validation failed
2025-05-08 10:39:51 - CSRF token validation failed
2025-05-08 10:39:51 - CSRF token validation failed
2025-05-08 10:39:51 - CSRF token validation failed
2025-05-08 10:39:51 - CSRF token validation failed
2025-05-08 10:39:51 - CSRF token validation failed
2025-05-08 10:39:51 - CSRF token validation failed
2025-05-08 10:39:51 - CSRF token validation failed
2025-05-08 10:39:51 - CSRF token validation failed
2025-05-08 10:39:51 - CSRF token validation failed
2025-05-08 10:39:51 - CSRF token validation failed
2025-05-08 10:39:51 - CSRF token validation failed
2025-05-08 10:39:51 - CSRF token validation failed
2025-05-08 10:39:51 - CSRF token validation failed
2025-05-08 10:39:51 - CSRF token validation failed
2025-05-08 10:39:51 - CSRF token validation failed
2025-05-08 10:39:51 - CSRF token validation failed
2025-05-08 10:39:51 - CSRF token validation failed
2025-05-08 10:39:51 - CSRF token validation failed
2025-05-08 10:39:51 - CSRF token validation failed
2025-05-08 10:39:51 - CSRF token validation failed
2025-05-08 10:40:41 - CSRF token validation failed
2025-05-08 10:40:41 - CSRF token validation failed
2025-05-08 10:40:41 - CSRF token validation failed
2025-05-08 10:40:41 - CSRF token validation failed
2025-05-08 10:40:41 - CSRF token validation failed
2025-05-08 10:40:41 - CSRF token validation failed
2025-05-08 10:40:41 - CSRF token validation failed
2025-05-08 10:40:41 - CSRF token validation failed
2025-05-08 10:40:41 - CSRF token validation failed
2025-05-08 10:40:41 - CSRF token validation failed
2025-05-08 10:40:41 - CSRF token validation failed
2025-05-08 10:40:41 - CSRF token validation failed
2025-05-08 10:40:41 - CSRF token validation failed
2025-05-08 10:40:41 - CSRF token validation failed
2025-05-08 10:40:41 - CSRF token validation failed
2025-05-08 10:40:41 - CSRF token validation failed
2025-05-08 10:40:41 - CSRF token validation failed
2025-05-08 10:40:41 - CSRF token validation failed
2025-05-08 10:40:41 - CSRF token validation failed
2025-05-08 10:40:41 - CSRF token validation failed
2025-05-08 10:41:01 - CSRF token validation failed
2025-05-08 10:41:01 - CSRF token validation failed
2025-05-08 10:41:01 - CSRF token validation failed
2025-05-08 10:41:01 - CSRF token validation failed
2025-05-08 10:41:01 - CSRF token validation failed
2025-05-08 10:41:01 - CSRF token validation failed
2025-05-08 10:41:01 - CSRF token validation failed
2025-05-08 10:41:01 - CSRF token validation failed
2025-05-08 10:41:01 - CSRF token validation failed
2025-05-08 10:41:01 - CSRF token validation failed
2025-05-08 10:41:01 - CSRF token validation failed
2025-05-08 10:41:01 - CSRF token validation failed
2025-05-08 10:41:01 - CSRF token validation failed
2025-05-08 10:41:01 - CSRF token validation failed
2025-05-08 10:41:01 - CSRF token validation failed
2025-05-08 10:41:01 - CSRF token validation failed
2025-05-08 10:41:01 - CSRF token validation failed
2025-05-08 10:41:01 - CSRF token validation failed
2025-05-08 10:41:01 - CSRF token validation failed
2025-05-08 10:41:01 - CSRF token validation failed
2025-05-08 10:41:26 - CSRF token validation failed
2025-05-08 10:41:26 - CSRF token validation failed
2025-05-08 10:41:26 - CSRF token validation failed
2025-05-08 10:41:26 - CSRF token validation failed
2025-05-08 10:41:26 - CSRF token validation failed
2025-05-08 10:41:26 - CSRF token validation failed
2025-05-08 10:41:26 - CSRF token validation failed
2025-05-08 10:41:26 - CSRF token validation failed
2025-05-08 10:41:26 - CSRF token validation failed
2025-05-08 10:41:26 - CSRF token validation failed
2025-05-08 10:41:26 - CSRF token validation failed
2025-05-08 10:41:26 - CSRF token validation failed
2025-05-08 10:41:26 - CSRF token validation failed
2025-05-08 10:41:26 - CSRF token validation failed
2025-05-08 10:41:26 - CSRF token validation failed
2025-05-08 10:41:26 - CSRF token validation failed
2025-05-08 10:41:26 - CSRF token validation failed
2025-05-08 10:41:26 - CSRF token validation failed
2025-05-08 10:41:26 - CSRF token validation failed
2025-05-08 10:41:26 - CSRF token validation failed
2025-05-08 10:41:27 - CSRF token validation failed
2025-05-08 10:41:27 - CSRF token validation failed
2025-05-08 10:41:27 - CSRF token validation failed
2025-05-08 10:41:27 - CSRF token validation failed
2025-05-08 10:41:27 - CSRF token validation failed
2025-05-08 10:41:27 - CSRF token validation failed
2025-05-08 10:41:27 - CSRF token validation failed
2025-05-08 10:41:27 - CSRF token validation failed
2025-05-08 10:41:27 - CSRF token validation failed
2025-05-08 10:41:27 - CSRF token validation failed
2025-05-08 10:41:27 - CSRF token validation failed
2025-05-08 10:41:27 - CSRF token validation failed
2025-05-08 10:41:27 - CSRF token validation failed
2025-05-08 10:41:27 - CSRF token validation failed
2025-05-08 10:41:27 - CSRF token validation failed
2025-05-08 10:41:27 - CSRF token validation failed
2025-05-08 10:41:27 - CSRF token validation failed
2025-05-08 10:41:27 - CSRF token validation failed
2025-05-08 10:41:27 - CSRF token validation failed
2025-05-08 10:41:27 - CSRF token validation failed
2025-05-08 10:41:32 - CSRF token validation failed
2025-05-08 10:41:32 - CSRF token validation failed
2025-05-08 10:41:32 - CSRF token validation failed
2025-05-08 10:41:32 - CSRF token validation failed
2025-05-08 10:41:32 - CSRF token validation failed
2025-05-08 10:41:32 - CSRF token validation failed
2025-05-08 10:41:32 - CSRF token validation failed
2025-05-08 10:41:32 - CSRF token validation failed
2025-05-08 10:41:32 - CSRF token validation failed
2025-05-08 10:41:32 - CSRF token validation failed
2025-05-08 10:41:32 - CSRF token validation failed
2025-05-08 10:41:32 - CSRF token validation failed
2025-05-08 10:41:32 - CSRF token validation failed
2025-05-08 10:41:32 - CSRF token validation failed
2025-05-08 10:41:32 - CSRF token validation failed
2025-05-08 10:41:32 - CSRF token validation failed
2025-05-08 10:41:32 - CSRF token validation failed
2025-05-08 10:41:32 - CSRF token validation failed
2025-05-08 10:41:32 - CSRF token validation failed
2025-05-08 10:41:32 - CSRF token validation failed
2025-05-08 10:41:32 - CSRF token validation failed
2025-05-08 10:41:32 - CSRF token validation failed
2025-05-08 10:41:32 - CSRF token validation failed
2025-05-08 10:41:32 - CSRF token validation failed
2025-05-08 10:41:32 - CSRF token validation failed
2025-05-08 10:41:32 - CSRF token validation failed
2025-05-08 10:41:32 - CSRF token validation failed
2025-05-08 10:41:32 - CSRF token validation failed
2025-05-08 10:41:32 - CSRF token validation failed
2025-05-08 10:41:32 - CSRF token validation failed
2025-05-08 10:41:32 - CSRF token validation failed
2025-05-08 10:41:32 - CSRF token validation failed
2025-05-08 10:41:32 - CSRF token validation failed
2025-05-08 10:41:32 - CSRF token validation failed
2025-05-08 10:41:32 - CSRF token validation failed
2025-05-08 10:41:32 - CSRF token validation failed
2025-05-08 10:41:32 - CSRF token validation failed
2025-05-08 10:41:33 - CSRF token validation failed
2025-05-08 10:41:33 - CSRF token validation failed
2025-05-08 10:41:33 - CSRF token validation failed
2025-05-08 10:41:33 - CSRF token validation failed
2025-05-08 10:41:33 - CSRF token validation failed
2025-05-08 10:41:33 - CSRF token validation failed
2025-05-08 10:41:33 - CSRF token validation failed
2025-05-08 10:41:33 - CSRF token validation failed
2025-05-08 10:41:33 - CSRF token validation failed
2025-05-08 10:41:33 - CSRF token validation failed
2025-05-08 10:41:33 - CSRF token validation failed
2025-05-08 10:41:33 - CSRF token validation failed
2025-05-08 10:41:33 - CSRF token validation failed
2025-05-08 10:41:33 - CSRF token validation failed
2025-05-08 10:41:33 - CSRF token validation failed
2025-05-08 10:41:33 - CSRF token validation failed
2025-05-08 10:41:33 - CSRF token validation failed
2025-05-08 10:41:33 - CSRF token validation failed
2025-05-08 10:41:33 - CSRF token validation failed
2025-05-08 10:41:33 - CSRF token validation failed
2025-05-08 10:41:34 - CSRF token validation failed
2025-05-08 10:41:34 - CSRF token validation failed
2025-05-08 10:41:34 - CSRF token validation failed
2025-05-08 10:41:34 - CSRF token validation failed
2025-05-08 10:41:34 - CSRF token validation failed
2025-05-08 10:41:34 - CSRF token validation failed
2025-05-08 10:41:34 - CSRF token validation failed
2025-05-08 10:41:34 - CSRF token validation failed
2025-05-08 10:41:34 - CSRF token validation failed
2025-05-08 10:41:34 - CSRF token validation failed
2025-05-08 10:41:34 - CSRF token validation failed
2025-05-08 10:41:34 - CSRF token validation failed
2025-05-08 10:41:34 - CSRF token validation failed
2025-05-08 10:41:34 - CSRF token validation failed
2025-05-08 10:41:34 - CSRF token validation failed
2025-05-08 10:41:34 - CSRF token validation failed
2025-05-08 10:41:34 - CSRF token validation failed
2025-05-08 10:41:34 - CSRF token validation failed
2025-05-08 10:41:34 - CSRF token validation failed
2025-05-08 10:41:34 - CSRF token validation failed
2025-05-08 10:42:04 - CSRF token validation failed
2025-05-08 10:42:04 - CSRF token validation failed
2025-05-08 10:42:04 - CSRF token validation failed
2025-05-08 10:42:04 - CSRF token validation failed
2025-05-08 10:42:04 - CSRF token validation failed
2025-05-08 10:42:04 - CSRF token validation failed
2025-05-08 10:42:04 - CSRF token validation failed
2025-05-08 10:42:04 - CSRF token validation failed
2025-05-08 10:42:04 - CSRF token validation failed
2025-05-08 10:42:04 - CSRF token validation failed
2025-05-08 10:42:04 - CSRF token validation failed
2025-05-08 10:42:04 - CSRF token validation failed
2025-05-08 10:42:04 - CSRF token validation failed
2025-05-08 10:42:04 - CSRF token validation failed
2025-05-08 10:42:04 - CSRF token validation failed
2025-05-08 10:42:04 - CSRF token validation failed
2025-05-08 10:42:04 - CSRF token validation failed
2025-05-08 10:42:04 - CSRF token validation failed
2025-05-08 10:42:04 - CSRF token validation failed
2025-05-08 10:42:04 - CSRF token validation failed
2025-05-08 10:43:14 - CSRF token validation failed
2025-05-08 10:43:14 - CSRF token validation failed
2025-05-08 10:43:14 - CSRF token validation failed
2025-05-08 10:43:14 - CSRF token validation failed
2025-05-08 10:43:14 - CSRF token validation failed
2025-05-08 10:43:14 - CSRF token validation failed
2025-05-08 10:43:14 - CSRF token validation failed
2025-05-08 10:43:14 - CSRF token validation failed
2025-05-08 10:43:14 - CSRF token validation failed
2025-05-08 10:43:14 - CSRF token validation failed
2025-05-08 10:43:14 - CSRF token validation failed
2025-05-08 10:43:14 - CSRF token validation failed
2025-05-08 10:43:14 - CSRF token validation failed
2025-05-08 10:43:14 - CSRF token validation failed
2025-05-08 10:43:14 - CSRF token validation failed
2025-05-08 10:43:14 - CSRF token validation failed
2025-05-08 10:43:14 - CSRF token validation failed
2025-05-08 10:43:14 - CSRF token validation failed
2025-05-08 10:43:14 - CSRF token validation failed
2025-05-08 10:43:14 - CSRF token validation failed
2025-05-08 10:43:44 - CSRF token validation failed
2025-05-08 10:43:44 - CSRF token validation failed
2025-05-08 10:43:44 - CSRF token validation failed
2025-05-08 10:43:44 - CSRF token validation failed
2025-05-08 10:43:44 - CSRF token validation failed
2025-05-08 10:43:44 - CSRF token validation failed
2025-05-08 10:43:44 - CSRF token validation failed
2025-05-08 10:43:44 - CSRF token validation failed
2025-05-08 10:43:44 - CSRF token validation failed
2025-05-08 10:43:44 - CSRF token validation failed
2025-05-08 10:43:44 - CSRF token validation failed
2025-05-08 10:43:44 - CSRF token validation failed
2025-05-08 10:43:44 - CSRF token validation failed
2025-05-08 10:43:44 - CSRF token validation failed
2025-05-08 10:43:44 - CSRF token validation failed
2025-05-08 10:43:44 - CSRF token validation failed
2025-05-08 10:43:44 - CSRF token validation failed
2025-05-08 10:43:44 - CSRF token validation failed
2025-05-08 10:43:44 - CSRF token validation failed
2025-05-08 10:43:44 - CSRF token validation failed
2025-05-08 10:44:44 - CSRF token validation failed
2025-05-08 10:44:44 - CSRF token validation failed
2025-05-08 10:44:44 - CSRF token validation failed
2025-05-08 10:44:44 - CSRF token validation failed
2025-05-08 10:44:44 - CSRF token validation failed
2025-05-08 10:44:44 - CSRF token validation failed
2025-05-08 10:44:44 - CSRF token validation failed
2025-05-08 10:44:44 - CSRF token validation failed
2025-05-08 10:44:44 - CSRF token validation failed
2025-05-08 10:44:44 - CSRF token validation failed
2025-05-08 10:44:44 - CSRF token validation failed
2025-05-08 10:44:44 - CSRF token validation failed
2025-05-08 10:44:44 - CSRF token validation failed
2025-05-08 10:44:44 - CSRF token validation failed
2025-05-08 10:44:44 - CSRF token validation failed
2025-05-08 10:44:44 - CSRF token validation failed
2025-05-08 10:44:44 - CSRF token validation failed
2025-05-08 10:44:44 - CSRF token validation failed
2025-05-08 10:44:44 - CSRF token validation failed
2025-05-08 10:44:44 - CSRF token validation failed
2025-05-08 10:58:42 - Starting registration process
2025-05-08 10:58:42 - CSRF token in session: ead41a956dd477844e7e135f664b50cd1d7f39b8d9e593dff462ded5005c30b1
2025-05-08 10:58:42 - CSRF token from POST: ead41a956dd477844e7e135f664b50cd1d7f39b8d9e593dff462ded5005c30b1
2025-05-08 10:58:42 - reCAPTCHA verified successfully via Google
2025-05-08 10:58:43 - Attempting to add user: nom=jjdskjskd, email=fd@gmail.com
2025-05-08 10:58:43 - User added successfully with ID: 75
2025-05-08 10:58:46 - Encoding result: Processing image: C:/xampp/htdocs/ProjetInnoconnect/uploads/75_1746694723.jpeg
Image loaded successfully
Found 1 face(s) in the image
Encoding generated and saved successfully

2025-05-08 11:05:03 - Starting registration process
2025-05-08 11:05:03 - CSRF token in session: ead41a956dd477844e7e135f664b50cd1d7f39b8d9e593dff462ded5005c30b1
2025-05-08 11:05:03 - CSRF token from POST: ead41a956dd477844e7e135f664b50cd1d7f39b8d9e593dff462ded5005c30b1
2025-05-08 11:05:03 - CSRF token validated successfully
2025-05-08 11:05:03 - reCAPTCHA response received: 03AFcWeA4dQLWkd1W9JgGS54gBLwY_CfBtbYiqsvi9KdJE6c1PLNhV2B2Q5dgpPLzJoQvSTv9y7jLalIA9_TkvjLb3hh_eJzssItmNOUb4FqrV3sILUoWJ908OMZau6S4GnPBiKNJ2ok29WzSHZiQ650oZsIZINU-FJx8JnWfAHFQGeuSb8Rqb1-Y2zGWfxnAexfeGbh00MaKh-_V6ic5b3qWhXRuD6o0ShV4SlT4L51VJS3Jbfs62ov_Dc5qTCQJobBt8yNb5EMrFF9gzXFygeoIb0p66O2xMrP16BuQPs3cEOIh8e_OoZfcliAXNlsqVdi1G5mUNpHEe7IfagwU_gAJaLBwKNlV_bCT7Yg4NuCb6s-LRzxV5IJm3o2Q4KsOxjm1nSDS8xMYppiXH86drno82QDqRgB-FaZdNcqf-D-oEPzBL2SsBgbmstagko9Lh-45MJjtSaChZBCl_SAmbl3weyP5b4thMJH7iZAXZlpuQNK-bNN1pTsS8_7KgqcfYP_Wb6pR-ng6gy4Ag-WvljSgQ-UOm2uu0gIBM1qH8qItERRp-LFDWW2er8ZdbZxPrIsCwL0QhU4ZWfphglLQ4D2kIivWmVPmVyDqGRsb1fHyr8nDRIGd-I4Nkg3bzqUi8F_gheo5mht6c1OCWFhHSU6vX3kvSyVM6asM2piUtt7_Sif8_GHSLG35hXgyBTh6Sl19XzMk9NLardMt0znYGsNgKPODXrpr2i1suFjUwgbe7-wAp_7iFgicDipOQ62Jnv6UzBaIoF6hkmsuFXy6sl1G6vIOfSeynwL4dGb0T-Qpikwz23oUdK_MpWsuChgvI8JGb9kbOCpF5Tj7nfRkLfB1voPPrA3MaLmjDrLeyV-F4golP-v-16rOgXrInahHCtRToAvA6gFjTqdgQQr8B94W5J3BHI7Jr0667c15wtz0CHDsV6igDrEMHjDAhbp0Du8kbPKxVX6cqV4tB_T382ugnVPaEge_483fTTs_tciS86CeeBv8gWsMF6n4y8_cACYgG7uPvIUGkaXBZPXW0CIeN30kdDu-RGAXQ6MpmCUQ35lWHqjX9r2e8kH33IhIKyuY3qCJ-3iArlN4zvdTbaZH2vkM3zjNw1WYfq5y1fIWlSKHu52718jC0ixMcYDbyqFbpfXRUe-rcDJw45rOJwlgWipentX7bEbCo6FLQaF_d7FW--a4bSWpFKgGC39rZXQE1JVdjnTJoRu9pcp8RAQMJbu3LppH6IJy9-maF6x2j9ugTVldJs5w5c-Lj8dbTBb3XcxSyC3fFkB0JfcwSKJFDb9AlS-uo7I3-nvsODD7IwrxU5K6RdxRPirAEMDbGfZL6OzMP4xQu9X9NMy40sH6MZoFkCq3y1HCmI3zJ_DOG5o39cnhN4DfM2rfNA0jLgH-SX7eGKENsUjf134HaDwxtdYp9Hd8oWBu7sh7M8i6sbCOrj5G5pXm-2EU7ub17cI6XsHrwlkRj_QqUY1JaGGt6ELsOQZwLFYDnTSvu9FMKttiU--nfBREcF2hENt7blCet8w9MEy6zCv6w1MbgyMtogPawrmXeNIi5-PtlUmv3Zi3xP_Ph0Tdt7zq5qHEfNDeRG3caTBNqXHEIhdBYz6ZMBcdVhCEcNW6KQpuIrPWGzWDp-Q4Z3gpqUxZ2suEbPbO7I091jYEWlzFwiP17CMzk3-l3AJeZJumWJL8moTYkfBzZA701gY_cm8PUBcuPGAU_DbtutJpbaZ8zwUCuOM4czlb7aDUKhYICJdglb0R2d-pU01DmzKk0QunSA768-85VJujCt10h6SrAp09HpsbhR8pDbu0tTlCrzRJs6LK3yrTIiQP3fvFakJLxWGwIdChbjZQfRNClLOYLDjB4mA2XapSs4tiGRcP7E8E4DNREtgWAH1RxSxq4TtWwtMHQ1hLbRGWzYHPwr_KmeLzFL9YN6vwy3ZEKdJ-GoKLuFkutWmF5rP8nHy7x9fyHJnTSzQ-JHu80g_Ed4wu2ve2LbdqyY1SnXtHpxvZpBWTFNKjBn37Uu5wJvBsRxo2LHY0qwBG1y-nP4_yfCg_rAsXaxmeVG9sGrHVcgmTttRm2viSokdoa8khPvGP3xCSAg_ukC53K3Sc_P8xnBD3qGx20kiN4LCdy0peKRXAjHmB20UEAZpTAqg2AXMw
2025-05-08 11:05:04 - reCAPTCHA server response: {"success":true,"challenge_ts":"2025-05-08T09:03:25Z","hostname":"localhost"}
2025-05-08 11:05:04 - reCAPTCHA verified successfully
2025-05-08 11:05:04 - Fields validated successfully
2025-05-08 11:05:04 - Validation failed: Email already exists - email: 'jj@gmail.com'
2025-05-08 11:05:04 - Redirecting to register.php with error: Email already exists
2025-05-08 11:05:34 - Starting registration process
2025-05-08 11:05:34 - CSRF token in session: ead41a956dd477844e7e135f664b50cd1d7f39b8d9e593dff462ded5005c30b1
2025-05-08 11:05:34 - CSRF token from POST: ead41a956dd477844e7e135f664b50cd1d7f39b8d9e593dff462ded5005c30b1
2025-05-08 11:05:34 - CSRF token validated successfully
2025-05-08 11:05:34 - reCAPTCHA response received: 03AFcWeA5w8y4HFg8FswRY2zUrPbseKRGkMJQGqEVlyNqcLmx5ffJKkEGMosul-rHXm6EXvoKND1P8IUgBPwEsGKwWXMDKAu_mIdG9TKLJ1d7c3u0uc25pkNHFQEKgnCfYlF_GOor4uNPW5vvuJ2yGolkHlEOL70WCLdW-Zt14jViUq2DkyFYzh_iKWi3COexpstynZYpFlX0AMgGlH92HIfiQwVL0oE6Bn8dD-G8EUpvZVTzUn1ps10o9wg17r3HY6FXQa79xj5Dw32TuMdjnFX_2wEs4bDmlsvW-gbcdYVhKozrMKEo1pFSQgmjY8Aeouw_M7ieEf9rCS5lm74xBn2QwDtjAccMwMuyX-nnMtbO3CV75wgdqcj0jLBKdrwShbF9pSlDvWB6SI9r-3VRI2CPW7BLTUfa0Wsl37tWVqe8QnuMHwbOEilHWz4SamrwOwh8bZmyd1_yoyzg81REnyNEI1EVJvls4tzjvxRaMowpVFFrksuIn9fJaicuTxgFttSt4lFQpnSBIN2qcxF7bIjz96TteZAhRLwvacrsB_XulYlhoy7c3thVTyFdURkIczB0rBTgiKgSFKQRD2U8Kh6PSuhrJSU8sR96u8UtY9PJVr_b_sayAJsKbGE1kPfGdbPGTNoJal6wH5Qc8Q127Ee5LldnEokZXiwmYar38NLPXQFYd_yvWn2i1gPnUq3AETA57j3vq5RLJQLkbPG9a-_gDCQFR8cOfVjfGxzx0DmEilTkLiNTwCKM812F4J6qrCYpAmFGU5WtC7aJuASV4Ow_eXxP7wa-GCp0o-nEwsUGfkLmLUkRyU7Pe9G37QRX8wDAab3-O9GrukjJ4IUzTROXoJAz4q0S-82jByYs6gnRQMP6YBgPJY4Pnj7Xhgt8IiSCn_TWeHegF8su16_mhPupqqje9POV3iccofhIb-CmVB1h8kW_wunM6t8fY692aZ7nQFjIncXXsPYG3CAVBiKglwPiEOokE1bVhsXQxn30dB8eSwi89mU3PgwqQNuoEMW8SKTkTuJ41dZcfmvl5vXAXx7cnalL1_WOg1Lbevj4q-Mu4K5rdJw08kJqCoxRmBSb19fIk99S6Oh__VJuAD-ej7R3I0f_qevkni85gUnaYcnYwOKTRGCAOu-s4UKXCY_g4IHkdx16C6BIQEtgjedSLGuCf9EDPvnjPJHVDi72Wfo-LofnvUkrvoiEDSQgCoZM_C16qjEwGsQ-v2GJYRlPH5OV0vL_muTX0PeVKJBlcXac_iSFm15PdFVpegms8eltrUMAVtdvdq2eKyBQwDXPHY8oadrN_FP2aHhoaSBtRI-RxpZfjjW7BId8fEPmoXjTty-kCxt4YTy8IBf4PVsFa8o1xmVoqJagkCf6Sjud-_zIeSNs86KrUjxo8O_AEaVmfuneGok6BLD4pK3stO_lX_4R_4nywMtXfKiLFR6-eUXG0sKSczcYZQM6J1v2cTSihcyS2EwcpKiV41RY1LUQZyo-K4d2Ui9S0CfGH3lywxCu3aA5Vr7kGjCb4sh7PmdzDKCl5BNFSwGbB5z7ZJrBzb1c2yYqJMPOFIJ0tePhyIXYKUtsgWHdrTSyISeGkYAitvZFACUrmDfm5VsfqNIRQA-8-4KKrYR7dLY1Cw4YUbZbrHms3hcfQM90XzJ02MXWma62K0Xr2XCMGiyDMu9hiVoJkWa4BIl1kzIu8sxjATrBFkxw3xi8v5HAUphlptRl4mFPfSUrCBi2DyDorz6J_aS7vZGmHTP2d4l87qvDMGd4_f_jQB2KRtYpiYq5HyqlQcA1bZhXm6G6CRe4s_P01zNqZbdX3MadDzI8ErHE9ln8Zld5TvQHG0BXxrmoLFHevhzZ5fObXYeoWpE9-cug-tZXXXJ2bBfmOv4dzcNgeij6OjIbOrL23Oh4gwpx32Jj89MGQAtEP_VdtwJ8NnyQg7JTq2zaqkkWfyW8i1CWttG744uQzlcAFgiKBWiQnkZL0gj8y0m_jMhguilCCnaVZ27QqdrMKpWzM4_e_r9amRX6czXSuH7J8Uwx9KNaSORTMCvF4djJvflXFrWWgVIX0FaKq-_S1F3AX30cMGC8cHEcHEOJn86SSl_6crSCWXbIHzShTNuQM2_2bb1MkGAyI-USsFUj4BSqP4QUlsRWcGKrx0ic9c4I
2025-05-08 11:05:34 - reCAPTCHA server response: {"success":true,"challenge_ts":"2025-05-08T09:05:04Z","hostname":"localhost"}
2025-05-08 11:05:34 - reCAPTCHA verified successfully
2025-05-08 11:05:34 - Fields validated successfully
2025-05-08 11:05:34 - Email validated, proceeding to registration
2025-05-08 11:05:34 - Attempting to add user: nom=ksdlsl, email=klaudia@gmail.com
2025-05-08 11:05:34 - User added with ID: 76
2025-05-08 11:05:34 - Transaction committed
2025-05-08 11:05:34 - Upload dir: C:/xampp/htdocs/ProjetInnoconnect/uploads/
2025-05-08 11:05:34 - Photo validated successfully
2025-05-08 11:05:34 - Photo uploaded to: C:/xampp/htdocs/ProjetInnoconnect/uploads/76_1746695134.jpeg
2025-05-08 11:05:37 - Encoding result: Processing image: C:/xampp/htdocs/ProjetInnoconnect/uploads/76_1746695134.jpeg
Image loaded successfully
Found 1 face(s) in the image
Encoding generated and saved successfully

2025-05-08 11:05:37 - Redirecting to register.php with error: Email already exists
2025-05-08 11:11:28 - Starting registration process
2025-05-08 11:11:28 - CSRF token in session: ead41a956dd477844e7e135f664b50cd1d7f39b8d9e593dff462ded5005c30b1
2025-05-08 11:11:28 - CSRF token from POST: ead41a956dd477844e7e135f664b50cd1d7f39b8d9e593dff462ded5005c30b1
2025-05-08 11:11:28 - CSRF token validated successfully
2025-05-08 11:11:28 - reCAPTCHA response received: 03AFcWeA7MVbWWxd0EP4z1dONOJ86UYvl5t9BE0WhXPxO-qDsMI2LtfZRezd9-ov8qbtar1-F1qR765DzkxpM1j1yKPVCkpiOze7VzfJYn-C8AXVuinn63_nqBSfYS8wz4LAdMHvj2kTUKfCA-KCYV_I0yPuuWVwoPqPOtuzg2iuJgxs0GPYLgjcxLlWK2nG_lqX_LhmpGqtxKYnKNxqBMLsrWGz8PSXw4tM5XzQl87WnqZuXEj1IqkPRnaD7eL1sWVeIY2cEZvGUTMwCvh3mYc6eB3fNYPG1kj99ToISKUehcK-zv08nTT86HoD0eIkxh_yyFQqXpz9xCih1FxpaHOOsLyT9nzJrNus2XNlqXfw1N5J_G0gwZaKpeAecMBhfcSbdJiGYn2hNQ8RiEut0DycP3gfHmbNs2pOrPMYfziRZSeTACUibIjrH0jPpRG5YBMz1DoqZ6PniyMy6iALfr2hWZYLydouwOsTkOmpevGTjhMHwwsijbnzSJfNnXzEuf7rH09jyDv-HPgbKNM7aybvJxZNAe8GuYtnRAwYacZz9s5U8-HECQnaz6r2GwtMbpi-lrvIVImRS-gNxf1Xhru1uubEmISWkNj1VlpCTGdpj9yF1z0Li7vaz2lbRh74Fwg31t9cm6GJ0inRvZigeDrnHua4rmfAPcDLBa42ta9u042TaJD3fP5xjr8EABmktj2kysX_7PP_2-2KmSgdFSrbQqmU0SMHoTT9gJDDKGgLOz4KJ0wi-H1xNBuZgDHo4XDJHFyinFamGjLmFcAs70-8bx-dDeXK5xCz1R3YeeaalO82rLRb2w9Olp8tD0xkc86HNI5yn_LfHmQ65sitWToRZIr2ll6_YWR_rrvyYb2EWUwFUe7pNBYlxXsc2SW1PYNFkNHSrNkjx4nQSJ35dr1iv-JoOE5TTFqwtidZIJko9CfYKOo6QnvOQ15sBZt4dBSTfb2yxVrPUhK3lgKTcm-mxKyIRpXnhg_Z7la-xUCglCH3VqHvYt7-2_jVp2gXsPzhx5dSi0JwEfNjGHGsThFDFc78NsjMjOUawBFADoV_xuXwj6O8yrJd22DfZroU7SodpqEsYFS_Pjb0PO__apiCIVaDe-RtvRkKe2hSNjMdEkPDQsc7T0qd5X9Z-R4anjzqp5-6XjjlQf7A_0nFUu_XkwWNhtmKpuQx0ukOgpfasnLoXrJHKtS06ndo5MoUopgHrIiOpfVPgaQBShvhhJ0DFE4LIlBfgcPhAWPAtKjLEx-gnlA3lAHd1EwUxdifrFsunkMYq3oVlaPxjLgMKDTzLwD-Et054mxh4t-cUEXL0Sz_2Bs7PwLfTz6tLwBCx1W6VaSDDEAje7mN8YoGVpRJVr3ZtxngsS7As0zW_-nU_AlGIbxwfgQluJ5ll3GkSMtEd1Yh2e_rISU4GVQ2dIC0QK3G4kmpY47_QnArRfgt0wcyvoMlZuLgMfkHCkQw_Pyu9tGvrdPoo9w6-ZOx0Dt7SGLFZiZkR_L7SGe8sm0j7lqDDSC0NPnBTXdfP_1ojN4rlAUpeXT95L7DNtznn8TuveRCSUnshzITHFgChUqsNCORam7IQZWIUk3Ka-BXN4jdC7H8UNbDD4nzcj9cv-4E2FWo07tZRU89uO_RS7P7eYPnLNLRXztZthMZGP31cpZO4e83_II6kG4iO3ibtEgbGwnokSX8MsKLFPcJahcyxHjPXCWHx6u4efqXhO5wl07UZxIeVWST7FOvr-2au3GgH6GN2y17zrPbCgycMe7s5d5cvT5IlS08vGWkjjKe7vF7zBeHSJr-NQ1iubULLE-eL9k_bMjABVdTbQ5aGF106VhwaaIANOsNAcd5EAg6fFAUmYviRUF9rTNxiI1PmxLGXWbMSvxQI-pC8pykdodByvbRDoz5cRBS_ZyTLe4jijlRI3Gz2dLnXu09DuarsLUNqf4zan1C3n-RPwuccSOePJlVBwb8QG_XuEiGEwYacYpxolgmvNdktbT8VcQtTACoDbTyDi8gY1ynvcl5936tos_lwqMknQuqaPfu5TmwrQgWsUgkfJCfi9KI9dCpFUytsAAa2eE3uLutZDp8R6G7gRpbkeotH3XzIOzn1gdLtR1T9h6HIYqAs0PWkjZ8DhRUlev2rABrg2oPqVoSYMSS5nsZU41WDKCDc
2025-05-08 11:11:28 - reCAPTCHA server response: {"success":true,"challenge_ts":"2025-05-08T09:10:28Z","hostname":"localhost"}
2025-05-08 11:11:28 - reCAPTCHA verified successfully
2025-05-08 11:11:28 - Fields validated successfully
2025-05-08 11:11:28 - Email validated, proceeding to registration
2025-05-08 11:11:28 - Attempting to add user: nom=tester, email=testtt@gmail.com
2025-05-08 11:11:28 - User added with ID: 77
2025-05-08 11:11:28 - Transaction committed
2025-05-08 11:11:28 - Upload dir: C:/xampp/htdocs/ProjetInnoconnect/uploads/
2025-05-08 11:11:28 - Photo validated successfully
2025-05-08 11:11:28 - Photo uploaded to: C:/xampp/htdocs/ProjetInnoconnect/uploads/77_1746695488.jpeg
2025-05-08 11:11:32 - Encoding result: Processing image: C:/xampp/htdocs/ProjetInnoconnect/uploads/77_1746695488.jpeg
Image loaded successfully
Found 1 face(s) in the image
Encoding generated and saved successfully

2025-05-08 11:11:32 - Registration completed successfully, redirecting to login.php
2025-05-08 11:16:18 - User profile loaded for ID: 72, photo_profil: 72_1746531910.jpg
2025-05-08 11:16:18 - Attempting to display profile picture: ../../uploads/72_1746531910.jpg
2025-05-08 11:24:42 - Starting registration process
2025-05-08 11:24:42 - CSRF token in session: 0f6fbbb818fcbab674cf6543d4b38e1ccd30a2fa281d7d8ef8aa6aefb00ef7db
2025-05-08 11:24:42 - CSRF token from POST: 0f6fbbb818fcbab674cf6543d4b38e1ccd30a2fa281d7d8ef8aa6aefb00ef7db
2025-05-08 11:24:42 - CSRF token validated successfully
2025-05-08 11:24:42 - reCAPTCHA response received: 03AFcWeA4oHAqUNd0S6DB42DQQUPL8wXQeW21nWpMkvDtNXIr7nwCcLg9WDhBlgNoYiU4bYbQQ9VJ91-NS7Vh3JadiTnQcNqT9eZl1y4Rvm5ath_MDsG2_yS3RaGzsSgZG9U-3OJeQUUwscYsAyAIgMsmfU5qEhDHVhOwwg_uSqadCiZHK8fPrzN9HJmoo9nOV9IykQfeAqedY0tdH2VEFnAUV5A67vQD3Dy5UlB3i9njFR1P2G-vk2uP7GW02I53jvIsDkzbGYP27GWcgDGYLvcb1v8GnuI5ryztShGVAmhQZrFhdF81Cm7rc9VnWNW5e4XdhFXz6-kjWHapAUnC-0xp7zIhExRRjoe0wlwpsEAxRld8Dfu8jC1Y-XxSVrdtKKAswgOmEoX5hx9_wFBRFc8omxps8RctGfSECpT_m-6Xk9cgypap6RaKd182l22c5y3qFSsgpZHuo36xoDN1SK9a4WnQUYma4cChXbl13VIRA8852X7SyRrRnww3IGKB0k6DcvaP37Tfp-p_09ZYw2gUyJROuMr6IMmXZjWfM4w56lj0dBs0F6yYNTCoxdyOpIF65a0cyCVId1191ETg0nOf1UXMrxe21ukxyx5HQWmgzPSd9h9kjx-XBYMGmT0A5Q6Dm5qp2ugot3-kJp2LqaCewO2uZ5vN9jEpr9JkxN1v1DK2Gbd1Ir7IAT_bvmEGqSP_QzIusovtNSccTXLp2bqsJGQg618M2S_WBGKMO-X-rBFS249SrdVl2GpMVTMwhXC2hdrQQJAmnA9Apwj6_as6yTrQiD6KCdjPe_8-fKYy8wM1YKEOdc_RfRKv439XKQ_jIcruM4wiTxw5eDPMkiDeLF63orwZHCp9Y0-1W3qsfQRrYnSogyiUsyW4TaMVffxsFvciBmPS7aUSrYJqam50OEyJrLjCIf5wBuo28GSkEcZZtVgSWMypC4MUKlMU0eNK-GI1oyHcudJwX1YbDHX7l9UqlgwmV2XAegQXfY4B3Eg7nNU9QeCW7_jxEE_HYWL7MFyuSC-XcxmzD7uqCwz2EHGsc7YvPecL3GZYvJXeE-u5mrHZjRtyMW-yIX6vj4fg5EjT3OHOpT2-ibqMWEKBWCV1h-RlEX7Wpftc5eE6v4bfu1KhH8Mbp2nOPE12ddBK7GfALcErbBe6BCdmrStvBRGSM3aW-RZ_F0PvoJMF0ibzw3QhBnTZP8YtsiDJdbPUVojawbN8HM1qQZyQgK6yZyzaVxAUFwJ-QSUzU8we3fGdC5YiXu4ARTGdr9gOP7XQ34TjbBkxuDwRUQJA4kowXHwn1qPh-_5lMVKSpXn79JOP2L0cx_OXaMIQ7L2ojrMNJKRstrN8Ad9-RSlrGBKoj94-u4JNJ1fUYVH4ESdL7KQ9zvL3WV5mYGKi3wdsCUsauHRFlz_a6jXsmlItl0aQxyGku21WLH4VMY-feeBlwH7Rj8C_7d8A3ZX2qgZxRi5vJ3vTPWNnE-EsJQaIUajggsKBWIKyYanUA8cPjCEU31463BJdtx_pGPHdUUyywPX8ZgqOX81y7GHcIzJYTmVnHI2LkGaZajRQrh8Ax-lY5O78bChbqAa2OZEh4Hx6NQNswWVwUCisncy3cDVSFL9YOLIzQkLsEfK4cmEzE-3Y3pVy2ENkCT_QanBKefSNH55hHQ-IHbur0sO8Rg7_P4EP3TMdRzm7zSxS5_PePdVfBBmEGM5wdpePWXgbFXFwuqQpDI2Zq8KfHxpq9lHPyOVIBhvCWsoNZ7sQbm-sHkQTX1NI2a5q3JT__8nO-bdyukAvVYobQnT8FVGulmheLcH0A-VwBGO6bd5HzFwRRIhrp2ZIZOw8zJ2Ru8AOEqwXxeUZhOX8wpWChgxTb0MV3tJBFCin27WdOMxv9slg7EA6WwiZJ0zHrC86PS-ilzCz1b1vZx-EBU-lkC43IR_tVUSyq3YIZgna5HVihIx0_y0y8U83uIm8yedp-yZFRRfRMXz9vNLn5rnPm-8ym_ep6roiuUh1Qgai7idIAm_T8SJlgqtSQ2SNF8TtbylWOPWWB9pqM4PoSWzdTaTTbzf51YlZQFIU8Y6k0Vr4JXHrhuPREWfaa6phfhf_TNy3QRKuNvUS4kwq8ninO76qA8wAOkHRUulf206ZNuGASUYKpylNyDPA_ToU0hGItmm6J1IjUNoBSnT7dlAWx
2025-05-08 11:24:43 - reCAPTCHA server response: {"success":true,"challenge_ts":"2025-05-08T09:23:15Z","hostname":"localhost"}
2025-05-08 11:24:43 - reCAPTCHA verified successfully
2025-05-08 11:24:43 - Fields validated successfully
2025-05-08 11:24:43 - Email validated, proceeding to registration
2025-05-08 11:24:43 - Attempting to add user: nom=bassem, email=farah@gmail.com
2025-05-08 11:24:43 - User added with ID: 78
2025-05-08 11:24:43 - Transaction committed
2025-05-08 11:24:43 - Upload dir: C:/xampp/htdocs/ProjetInnoconnect/uploads/
2025-05-08 11:24:43 - Photo validated successfully
2025-05-08 11:24:43 - Photo uploaded to: C:/xampp/htdocs/ProjetInnoconnect/uploads/78_1746696283.jpg
2025-05-08 11:24:46 - Encoding result: Processing image: C:/xampp/htdocs/ProjetInnoconnect/uploads/78_1746696283.jpg
Image loaded successfully
Found 1 face(s) in the image
Encoding generated and saved successfully

2025-05-08 11:24:46 - Registration completed successfully with welcome message: Take charge as an admin, farah! We're excited to have you on board at InnoConnect. Explore your new features and shape the future!
2025-05-08 11:29:39 - Starting registration process
2025-05-08 11:29:39 - CSRF token in session: 0f6fbbb818fcbab674cf6543d4b38e1ccd30a2fa281d7d8ef8aa6aefb00ef7db
2025-05-08 11:29:39 - CSRF token from POST: 0f6fbbb818fcbab674cf6543d4b38e1ccd30a2fa281d7d8ef8aa6aefb00ef7db
2025-05-08 11:29:39 - CSRF token validated successfully
2025-05-08 11:29:39 - reCAPTCHA response received: 03AFcWeA6dSJGjGPTmrF4zMk7TWvUT-CSRwoevdwCQQ8keIM2Pkt6FMFYJJGOhjXYDAuESHA8Nl72WRx_O8Mhp4cmctpkuQ59cL9GMWElxNrOBGlrqYAt0pAHoLZMrAFaJ28D0uJ6ee7vm1NCHhZrae6_-UwUb7fcTshxCkrFV4hdAMvX8egu8vg81icpLRlVTikqRZnFBYmtE9KdpPkqS0VbQtdUiuEKrtu2qCxh6lK8I3UHDg4aLOUsL1Ob53dMBphXO2CRYc0MYNncdxfoP5l5QZsiaybBeQ7EdJri1aQ6BbmTA2IqzA18QSByPQSAzW9ISVJDdRUnLA_FqFyB99cEjWrzenEMF0vhiKK9OrByPQ56PHoF1wCV11QFVCx5uKmvlSG3Mb-zaFFn74Uz1UTvle3-eYaGsu4NLdpBgM9o1BSQiHljkEczeTu5Q6f7u0CSWZBELiegA_vw8El2PIkdQJ4XOA6bnhOv0k9-gP9JuXA0NcSayJYho5ZIIqs4KjShTb8L7fTBBt5nKQCoUDBPS8ZdgGU3BXmCP2DfsYeGHB2Rvj-QWG6SRyB5mEOX7LhoerbmhOGnbKopV-mnG-Y_SBRXRIoo9Mv1Yy398pjJAC7nutjFTdyMBRFiZd4Ml9UC27cG6-SW4GXSCYHTuK5YKD6n4z91UtJqq323VzPpqbLbwigkWqR85PyeWq4XDuzs0l1IU29hHi-06ItAFPAs6bliOgpSJ7iujpkukyOT2IvM3_NUgQxIIJuGxDb21FYiveVQey8jvk7lqySWgohV2sUsVwhf85kl4ZUefQxC4vRbtVuukaZ6FOpEqCQ3_1QkZFhAjqBJaLK-SeGLGwrKrh0jXqg6jQZm2791sJlh1QOVEf2fkJJBSMnAs3GxpgYD2FnkojiU5faU6e2iKWHY108gCzw35va3CP1cWEh3e4VyNLVmsoHx--EMnGGw-I_rwR4t9OGmt7qhcr0p_gq-QTAx3ooXBO2Hoe2tDHNerHgdfircv5yezlm5AS23kHfw4VRGXuPb8VMvILBMny7POd40Wpe2CLbp4Gyv9rGOVYphz57AG9s-D76Gz-MgY1_rT1QxG9M649g-Rs2iUp89dYxRbyeaG_JEgSPTxXgpOOAE093yyGPgMPVHQ6NFzn2kaIx4fucgHvD7NvrWZ3iiL2s2nvKLFno3712nNP_K5EOq8F2JZlawrQ7j31IQU6FdynwtlfHXrFwzF6YBixcFCfGdzU9hRTjvsP59A43xb2mEPC8d9bA6Le_0g-lcrXw9Kpt5YlZcNg8suwvqjQcCXOosSl-o7o1x1JtttTsvF-dnCl60IIC-exbWrc7K7d9KWbjcSlJQljAiESxh-ma22Sk5wsDlI7u2R7iFs6Lwi_w_0LaMZyEUVL7t5P1jmcmpyIx9Zp5_6DmtZbc5I_CIQ2eBv8SA05Mg9dPjoi9M7QqZHNq4sDFnMf_Mo_AnOmEWP_y4B3R6ssmMaUbPceuU1PFYbvyOTDxfvlVLbV-gBKwdleyjg_Ci5Y7w7kLB7ufGZHWyxQ3Mu686eFLoDhGDhNAlAti8NKvy8kVRlcgJhWTW_wO1QBdlRw3lVSVAthR9MJtzaEhKAp11zcyxwHOmiXpZMA2EWchG8iCBOr-CAA-XtCPMVaqdLXtArjaWEkuXG_d_EPhDNX-Fc0EtGrJeOK_6Z19DUNYiW0dlRamuYydSEQawfdOZtKhe92vphoMa-0B4LT2MHGGHI0LvO8bKcadZxUOql-ju_hkBnssRBfgTiLqvQJ9bBar06GcETNzYwOtX2y6BqXtXA1Cxgth5rFsDMjQXqcGRD-TasYAxEAKF4DW_A2We-rPjLiA3SK5MVivrStOlmbCxAkQCPuLfW6VvLu99HCyEfaC0lCc05qOwn1CmWr7H9XFTnGTEzuJClTE8O1-f3Xfkvvt0KZ_Zati3WhsEGrvjZ--ZQHeDjuHreXcbRXRUiAqNz2fktv4xxnTEHaiCeWm1EKHL-fgjNjefcUoWY9U3sIKDSQ1m-5amQMdcd--KYH0tka8uIHqvc9E8lkj94yyekLTouABr6K9G53aRKGYU7C326teoA_G3ZV5KO1CSCR4vOhwuNh7tgtzfYhSNu2TFWVmObl-4QYVVANhLfZA7_N3iQikfunbggCBFyhCT2Yhk6mlxpTpWQEU-krruS
2025-05-08 11:29:40 - reCAPTCHA server response: {"success":true,"challenge_ts":"2025-05-08T09:28:29Z","hostname":"localhost"}
2025-05-08 11:29:40 - reCAPTCHA verified successfully
2025-05-08 11:29:40 - Fields validated successfully
2025-05-08 11:29:40 - Email validated, proceeding to registration
2025-05-08 11:29:40 - Attempting to add user: nom=fggd, email=hhh@gmail.com
2025-05-08 11:29:40 - User added with ID: 79
2025-05-08 11:29:40 - Transaction committed
2025-05-08 11:29:40 - Upload dir: C:/xampp/htdocs/ProjetInnoconnect/uploads/
2025-05-08 11:29:40 - Photo validated successfully
2025-05-08 11:29:40 - Photo uploaded to: C:/xampp/htdocs/ProjetInnoconnect/uploads/79_1746696580.jpg
2025-05-08 11:29:43 - Encoding result: Processing image: C:/xampp/htdocs/ProjetInnoconnect/uploads/79_1746696580.jpg
Image loaded successfully
Found 1 face(s) in the image
Encoding generated and saved successfully

2025-05-08 11:29:43 - Registration completed successfully with welcome message: Take charge as an admin, hhh! We're excited to have you on board at InnoConnect. Explore your new features and shape the future!
2025-05-08 11:42:01 - Starting registration process
2025-05-08 11:42:01 - CSRF token in session: 0f6fbbb818fcbab674cf6543d4b38e1ccd30a2fa281d7d8ef8aa6aefb00ef7db
2025-05-08 11:42:01 - CSRF token from POST: 0f6fbbb818fcbab674cf6543d4b38e1ccd30a2fa281d7d8ef8aa6aefb00ef7db
2025-05-08 11:42:01 - CSRF token validated successfully
2025-05-08 11:42:01 - reCAPTCHA response received: 03AFcWeA6YPsxZtTP0Y7QxLaCbFFyIthoPHoQ0RcJXFhyL8pqT9qxLUQZpquTtv3mJTvctCWuMlz-_yBtIk0IfK9YPty0BrHT-KGp7tKmDdPIyw9j5yEj1262JpgDDaQ6Ftl60n9YSWwSD2V0clP10DrK9MTqdaNcJVDdOaSnTSGWWJD7Alod-b5erAcsBmNkCdX1qMVVmHE4om--w1xE3D89v6tU3NoeekeJ0R6KLAXgV91-PZDjkRwW9KxiayF9E_MRRrI2LygtguVEraJjJOvRN2-RwdrybZDp_R1By4QN_weQk-20NMIUn8aoH_jm8ysDKEJL2ZO3bgr0mq3OyO-D-gpOtwqKuO7kTy3XZxFxQzm1tgCLdUu_ZiCe-3i3ff5ekcJ1UoCQ6_SfAJrlLW54mSK5DDtMcQnQt5RTS0YP1yh3pU_B4H2Da2owvRwPAaENN8NMXQY_KNoOQu67RcYQgz884MesQgbn-luZZxLOew7YjMqL4-Bq-4FjO9JurUpbJMBw34cPVyDQ_Ob0wE0uf3lVJ4GHJ8gaZlXBqtE5G8r9NH8sURADn0-JTRzY11kad62c_gIiLBStYGJprVZoVSp-6kELMdoQGAN6QDRoq3O_N3XLKor26tcOx-pWMXXDeWT1RzlNpvUH4l2-eo5Ti2OfOzoR1eeutUaKlVMpPNxaz2sxmRrEMunzGEz6Yh6b3N7kDMS-SaB319PM06or4VYSULdL2wlo1KKs905pWyv3esBp1godQfmlTvLPqpRx9LbgN5IBvKWbTZpv1TP6y5d0QK4gpvjyXhJrK850prcZdP44-XT7SgDuOpnds-m7-2mFhHHuVV_vC0GL7JNZMOBL7S7YTHdcIoluEl46U7QXZYWdqKjf2kl5fU85QTb1trufNe3Y5qKJr_JBjMziiuP5NrkGZuA8QhH8lozPLhKbTcVEiK_u3FqyFDuF8yHbH6rDFdxoQnlJNPyABavzoQW1KU4udprpmobaFW1_ZPU_fpOlgJkgiqppwX24-qwyuBxmkQ5LxZ5ltjjRWAt7k8OP9KjxLEiwlzg0z-inGBNbaC77PLrpNJeGWfJslX-XqHHs6vfnMQKsaredom1KDbcW3qLNvnHRp3v9b6Oa2Iu2MaVyB4fItSgFm39xbQx4J5ZX-azdo25NRxQChFqKO41IKb-fauOEGMOEjWPia1tjWEm0fZaaS5G2G3ePSsO7R0A3-Y5rvoqIM5F5rAEH5HeyifiON-thVBc_kIxDxswUz32DN5u8qcUOySIXE8i7cdfXgXpz32s9Kd3OfBOfMn2K4yPTFvyISZEMuKEVGRf8mOV8AGKY4vPFX2RuxYBvOwCdlo5YZe-mFl4bdhJQrIe9XthHzcubR-yIDldSVV4ms7Rta1SXRv9rrJGPunieWRFXWPl-XRITKdaVIO6SaiGbHuovOKcAvfsXT1KU3xhyMgK5yIk357xc2GXPXkYUd7CRQV5JMNIC5sZFPHEd8mUnmfU77jwJW5eOm2dLfoIgmIbER8_01Hvz0AUp0CKrgrI7b1LYF1cOG-V_jmVK9um-NyZWc7g6PXg6Y7oxhQeNP9T0sbamjMYS4TkNdyRIv-Eh-dUdmaVh7K7d3ocIZkPWhvIHOBKIrHo-Vd1x-oJYEpOOENZut0e_vCDlVuwmh3HAamKA0C9zJ7UrMSa9qLjhgOmdG7GUvH3WSWcN4qGWMv-IWyj02S0fT2A7kT9jX3wXV0hxnYw4C_KjT7zO6ljXfKwJvEYq4kzaumG8A13pxvsq_PTXGCRX5P5RIDX2-aQ58dyzSA7eVIa3nG0yS6Ie6i19g8VeTszP9P-pJhej4iqOUpDg9VVdwhZ3P_yPyvP1CWx1WEqhQF0oc768oGb9Wmk-IGlfurhsrOTFYgwTT3HhpZuOs0OhzlZZ-nZ4SVrzUst1r6920RzVPDhrHlUCgn-xLaqWCAIXM5PfNh7MB9UptlCHUVtJCuM3q0F6qJu-tmbyFRXprdNhXQKPCA7-0LsRDT1iND_Ootu-9vBaIOcmPWVNnzbPQsCHwPOIbGGwT3F4_LLTLYECAu0g2p8SZLxxCYI_w_EF8ThCGQhvE0-NPTafhxA_eXlHhaWyZ4V2tnof7DyIlWaM3IJjFbUtIuQtxMfyHUr23gQTuCRyzfhGaQJc
2025-05-08 11:42:02 - reCAPTCHA server response: {"success":true,"challenge_ts":"2025-05-08T09:37:27Z","hostname":"localhost"}
2025-05-08 11:42:02 - reCAPTCHA verified successfully
2025-05-08 11:42:02 - Fields validated successfully
2025-05-08 11:42:02 - Email validated, proceeding to registration
2025-05-08 11:42:02 - Attempting to add user: nom=bassem, email=farah@gmail.com
2025-05-08 11:42:02 - User added with ID: 80
2025-05-08 11:42:02 - Transaction committed
2025-05-08 11:42:02 - Upload dir: C:/xampp/htdocs/ProjetInnoconnect/uploads/
2025-05-08 11:42:02 - Photo validated successfully
2025-05-08 11:42:02 - Photo uploaded to: C:/xampp/htdocs/ProjetInnoconnect/uploads/80_1746697322.jpg
2025-05-08 11:42:05 - Encoding result: Processing image: C:/xampp/htdocs/ProjetInnoconnect/uploads/80_1746697322.jpg
Image loaded successfully
Found 1 face(s) in the image
Encoding generated and saved successfully

2025-05-08 11:42:05 - Registration completed successfully with welcome message: Take charge as an admin, farah! We're excited to have you on board at InnoConnect. Explore your new features and shape the future!
2025-05-08 11:43:14 - Starting registration process
2025-05-08 11:43:14 - CSRF token in session: 0f6fbbb818fcbab674cf6543d4b38e1ccd30a2fa281d7d8ef8aa6aefb00ef7db
2025-05-08 11:43:14 - CSRF token from POST: 0f6fbbb818fcbab674cf6543d4b38e1ccd30a2fa281d7d8ef8aa6aefb00ef7db
2025-05-08 11:43:14 - CSRF token validated successfully
2025-05-08 11:43:14 - reCAPTCHA response received: 03AFcWeA4FlyWJ7bx-C1ErbGkrlD7YMZ7gjfIr695SF90CDsVZoo3dFvuRogcceJUNSK1lkKHHCD37GlOKKUr-0CM95G5udl8G6VAoPfLCPpPUPhnwszE8YLBNlWIqJAfATPfvFoHRdlgOAij96JFcSVvij5X8FL8V0c0Zs9DdMqSw0JLa5iyJ6-1REW2QZo2hGTC6v4LPAHR1t74zwd2XWfyGaEMFJtc33-UvTXMDECTIsFzKefgTT66-2u-dvhDNbzkS7_QYwVte_5BJAimBeINVcvfjVuz50bpbHUMOWsatcgmCYgS15ZlnKm0S5UtHwwg3SstFG9bdxubO3qoUccSc9iZfyPglHT4bOyAbecwWkicpVxuYV6K427vg7XBfx5kBR_twN4_2p4y1KUovHF2j0jb1ifvefdgOm_jbuEQcSz6D2nCuS6z68YAnL3WVUf25Zh7eb9GkfAM__EBFdfSvTP5-GtDMIPaAmVmvstyMTSHXdIzvZLdNMtLbz8oFf9AzqxWqukryjhKV_b3xRAMb5a0msalrc8F1O4L4UzeekIzrC3v2r7S-RKTGItnEhVfjZSAbx9jJxlzgGHxlYlLbhSiTMI8spGy2E0R8NExMe3k6ERmN079vRDSdPIzw7GvFwZfhiW0QGP7NLGHpDfKu_H4eS1t-eH_3236nDvsagMTyUJEUO-c5ztoHahCRIYD6TzdbWMZp-B9F-mToL2dBj9TMMbd4gFKGwOUFIBineWZAfoKXMuY0LoYmSKL2Xt9afQ9BF7NthQ5lU8frW9dBEFY-yd6fXMr7xHLptNbfoengtWkdK3hH2RxqVWYmU276vOubaLOyMMmpaQnHyOD1UH0pJnzCaU4iEGZyrnR3d0M-_HCHqmrgaJ5LoUovVUjHuyIy_MnrJeGXosKlRM5Vaiw2GwmxyDYHYz31QSEqUhtuNmGDPsoyTWmd5KFz7IdCyLN8fyD3irBxcqRwG0JfDnbhgTIzGJRtHMT83Twdfw5xWkMLKzbTxCergIT2WvPOXSc1TylRzxikMjMaHJGErz0Gf3zchCudr9DXxMg7laMePAAOlDr63v5DwqY9Xsjvo_0mRNVQLXU1kMYedd3uCIZurx4DrVW9fUj6otwd9MpFeAUal6rBHlZh4EUmn4iiticPpgZj4Oax8O6tOxHF4gmF7ZjOgL43tD1VjZAkrgmYEkBv7nDPSwd4j6hqvdLgHv2rRrbV0aRMRP06-FjF2gRhxmcfWECivh2Wfdy9Cc-bPvnnm9x0nExhGJDuyni0c_xpi4rLMnm5C-iroQDHrywF8XafOXKSNoVRjIcHKJWJrxWMh7IxtyLyp-ybAKsmW8VVXbvFE7x6cg4vMBJvhEFd1dKoWj-4N2xrKF1BqP-XSMXCNfbXJURcz8Z0mxAprU7DfIoixKAep2EAcVI7U9YUhWgYw6Mf77i6xwZDZGPMCMPgA9BXJ8iR1key7mrt10RuuyMGysNtFSdauuiETbmO5cpfIIRsrFhU5XVg64TCDVwTRqyw29GnsAt0wFhHDwkSbziy9ftkOrM1d13ca3UU1Sz31voUI5aC92IR6q-YceN3-D5vcmvA5m93CRmjN-zRioEbHnzIaYU6LQnvgni5L6wh0hu_vd3qYl5s8Rixxad7SOElwXxGV7cucc0bOCGZYp7cUn5cmXiAjH6aLtms-_nwfCl-sSV-g8Grv8iX6htY_7jgs22MkDmEmiXcPFxgKP4IPSGeN2inCJ8pvdHmpmIitphO6wkoGFSLlq5HkNlshPnetoZgFD-1KXCB4Zf1pPP5BbybsfXpTPPYwL4XJDRhJzwbesRD4AoJrLZKH7DltuMUTgd31lzXxSkAixoiOldmjffnFKJYe2ZbbGopYcnUdDTRikTA5I-F_99wlZi1BQAMvaLcdvEPwduC1RsqvnDFsVWh0orhhgch_YHjelSY-o9gRsNn1VtGnh_0szPTLt_LCaUkptpIZy3TInZiwFkgDk5jEOq2MlkotHAy9nc1FOvKS5Io2V2uC6buWZ5aM5ujC-d2ME4dTmet_ryHLnozrHxo3AVuCY-CMmXiAdtItPseOhxXpJplItWIZm6o_dCEmC7syFZAbP9hJndv7RvNf5zPVFQVdz5DWt8-01Ccr22cqKudWHu78tILHhO0VN0
2025-05-08 11:43:16 - reCAPTCHA server response: {"success":true,"challenge_ts":"2025-05-08T09:42:41Z","hostname":"localhost"}
2025-05-08 11:43:16 - reCAPTCHA verified successfully
2025-05-08 11:43:16 - Fields validated successfully
2025-05-08 11:43:16 - Email validated, proceeding to registration
2025-05-08 11:43:16 - Attempting to add user: nom=moalla, email=melek@gmail.com
2025-05-08 11:43:16 - User added with ID: 81
2025-05-08 11:43:16 - Transaction committed
2025-05-08 11:43:16 - Upload dir: C:/xampp/htdocs/ProjetInnoconnect/uploads/
2025-05-08 11:43:16 - Photo validated successfully
2025-05-08 11:43:16 - Photo uploaded to: C:/xampp/htdocs/ProjetInnoconnect/uploads/81_1746697396.jpeg
2025-05-08 11:43:19 - Encoding result: Processing image: C:/xampp/htdocs/ProjetInnoconnect/uploads/81_1746697396.jpeg
Image loaded successfully
Found 1 face(s) in the image
Encoding generated and saved successfully

2025-05-08 11:43:19 - Registration completed successfully with welcome message: Welcome to the investment world, melek! We're excited to have you on board at InnoConnect. Explore your new features and shape the future!
2025-05-08 13:19:58 - Starting registration process
2025-05-08 13:19:58 - CSRF token in session: 0f6fbbb818fcbab674cf6543d4b38e1ccd30a2fa281d7d8ef8aa6aefb00ef7db
2025-05-08 13:19:58 - CSRF token from POST: 0f6fbbb818fcbab674cf6543d4b38e1ccd30a2fa281d7d8ef8aa6aefb00ef7db
2025-05-08 13:19:58 - CSRF token validated successfully
2025-05-08 13:19:58 - reCAPTCHA response received: 03AFcWeA7VQr_bK16v53mC2pcFeLcnQ0bggZFAPJ0auhFDruujPDOCPbvnueB23KHj91fE5VwYtwSWdJ0JDieWTNyeckcqVejYBBKviF2aArT_hzAd2eLdgUu2C1nIFeabqfT-MN7pq8cN7MfUI0OLXMrHN7Moz5jygkVhEnBP1U35vWaG_P9X-6iDHCdYCGGlaWf1Ngm8k3IiCCV5v-pkg7V58M1YtJwreNfH4px9c_QpxobJQ8RIVZeEy6KzeTUn0s47IofB4A6Z6oMsoBAFOjk4uLbu4B8NgdMXkftYkafFVQeBqWJGfLTmrIm7KeUrqJFIuWbTQ7WCMwoqmOHqY5kgKDGGZJBw_54MIngD50-yJyUmE3EQXAL2sY77kc_CIXDQTPuba7ALB3-f3ceVHYq0bytXkxFqdrqPLJtuPPhCtnnLR7xYCDtRvtY7iMIPfjU-1u17xZqm6Ur2OzCgU4dCx1Op6nC1bkYDsj-rr2sKCoi-bcOn8xqAdN9L60MtbnimkK0ZxEJ0YNF8VzLjuS4Kd6LFEebbFJf8OwHTMTR7xDUcPkXDxYdm-MT1I5amWtnJCXJoqz0n5bj8YJZIDLEMc8yxwl90hLbh0ySX_ariy8AFQXoh69uY6j_gVkMHyPMUZr3cPSi2AE8l3U3XDq77rZzTh8IwbIzOG-kURkssYWfwgRC6F5OXMDEy8-tJrN8anmAG6JkLPINgoxVc-I2vyln2dMZp0LCn8HIdmZ54_pYt3h7EF3ekas4IGPxGamEGC5_qyqiLog2OAsNctOH9kOtMp2E6w2ZjjiPQgCyj1fYQjsguHKSqBrmVpI4RFGos-0iNt1G1zPyZoBrUzJCcVUIncO0Ce6EJ6X6wyw2ogLJJyvyRd6vWTlb4tTz68WJu6UtxpIT9V88QAu7zfqv-9l5trNUnTKLgEf5O3Nnt1bcXB2yQY1mwtIycUy6r_Ud0lqZGz2MXB45FCjQSbkccZd6HUK99UvQuytOSSJG94R-If9D8HeJAd0i-yvd9WhpLR1ONXX67LHgmjEAKs3Y9CtSeoYDrgA2T4wuxu2xrH-j4PpLrsqsQUzrmA4fpMZMeqAwPQ2o1WkDZAmhKqLMN0Z5POkEEi9pxP_tpspg-5eis8VG97S2GU0QgrFAsfoOczrloOhDc6ox3LTaL1L-1UucVkxK6HYUsZgq3bpurGdVEuniATR2SclMMpuyOcGUBJD8KYBU2ZpmpOzR_MbRNB7b2PGWdpivpUbrvL5i45fE7E7pOifavc1IkXznIAvrJenDivzMryNuV00-4v5eJUJPgC3zjFZrFK7YNMyotnUNGw9WV0IDDSPdJbyTtk1qidzLjr0QwKB2OgaPYhiSHcQetiftJHF_vdrZCshZPPO7XeKiZLUgLSb07JyBTTWwrj4hvk93_KoIIT1sZ6zEcActSMsPhw0RAsCjOx04RbrfKt8ERlQ0SeIRfeA5R4mkFAA6nHh3yMVz0xk02IRk-WzTgif84ZDexZk4gDrPd04sO3L1hLWIYfwfwzbVJCeULli5_uE2jBSxORxqGLAcnZuEsnz0U8QNarJNPLwgfr1UCY8IExAPfIfnbRKOvnPQ0UJtE7ERIUOk06dV-XuR4bUGi0yVafdghGF4PdSzs4dzmyqEyKxhYi-7-JatFGqkxD2A2nE_IgcacmXZyatP68MlY-RQrnO8WEDXC8kAdFpxaxxyNVuQl9VnCkvpb1TX4ODsGI0EHUMMv2G7NRMK2MZerfBCGFjn9OrtHXmmS8CWcKwVOK61ak4bJmnW2-jYTiRVnB0rZAUS_xlPJeVUIeyvIurfCh5rM4i8jFKW9hsBKflXxOntcRoiYE-iE5zVLGxCG8PENeYWb6jIT6e9P2K2Ht-qcX6F5HjWa-g06e1unck3-GLzrzew0TGkhBoV3AIFoPasq5yCATPfOjeIVzy8rTX0BRss9TF1ObNvKFH7hlpJcHQNWJytR7aR0qd4bltVtnxvFWuDRL3WkV10fRDDO_K51P2NtcDIHfiDZxuBYkD8oQUN3vjiCspPyLTYgYzhu3UIJ
2025-05-08 13:19:59 - reCAPTCHA server response: {"success":true,"challenge_ts":"2025-05-08T11:06:58Z","hostname":"localhost"}
2025-05-08 13:19:59 - reCAPTCHA verified successfully
2025-05-08 13:19:59 - Fields validated successfully
2025-05-08 13:19:59 - Email validated, proceeding to registration
2025-05-08 13:19:59 - Attempting to add user: nom=bassem, email=feriel@esprit.tn
2025-05-08 13:19:59 - User added with ID: 82
2025-05-08 13:19:59 - Transaction committed
2025-05-08 13:19:59 - Upload dir: C:/xampp/htdocs/ProjetInnoconnect/uploads/
2025-05-08 13:19:59 - Photo validated successfully
2025-05-08 13:19:59 - Photo uploaded to: C:/xampp/htdocs/ProjetInnoconnect/uploads/82_1746703199.jpg
2025-05-08 13:20:03 - Encoding result: Processing image: C:/xampp/htdocs/ProjetInnoconnect/uploads/82_1746703199.jpg
Image loaded successfully
Found 1 face(s) in the image
Encoding generated and saved successfully

2025-05-08 13:20:03 - Registration completed successfully with welcome message: Take charge as an admin, feriel! We're excited to have you on board at InnoConnect. Explore your new features and shape the future!
2025-05-08 13:20:51 - User profile loaded for ID: 82, photo_profil: 82_1746703199.jpg
2025-05-08 13:20:51 - Attempting to display profile picture: ../../uploads/82_1746703199.jpg
2025-05-08 13:21:15 - Delete request received for ID: 20
2025-05-08 13:21:15 - User deleted successfully: ID 20
2025-05-12 15:44:27 - Starting registration process
2025-05-12 15:44:27 - CSRF token in session: 6097987e62fc85b8c1ee269cd160c5290c2f91430bbd9d2e5ed20df786d075e6
2025-05-12 15:44:27 - CSRF token from POST: 6097987e62fc85b8c1ee269cd160c5290c2f91430bbd9d2e5ed20df786d075e6
2025-05-12 15:44:27 - CSRF token validated successfully
2025-05-12 15:44:27 - reCAPTCHA response received: 03AFcWeA6dAFiWDdptIQfnWTv0gpGt2QpwgajFPYR6zjDMD3Tn-5qECHKtyoKX3GrTNdLQjNqzvCR7Y7jTQ8AVLnWfR9LedA8AVip0A_w2Wdkt68qFg7XAp0Y8J6cKNq-ot0aZIqV15f1ZN6IYabqq6SRyD5rWrbN76Hr8gGcrditgrZqk68miXBYFMRAUU1hH1FkKLg9Vgt7T0pJZXLj-6zlaGcIKr8B4ENHfngBJUSf2oGfbrqrxQGrRLPNPFzGgyLjR3mObBcS2bC8z36tiL2InskkxLVNnozKMF1UTrUA_9iA3OALbeZbJzU8vo_0QKZ7UGybhK9nZFvQWjmkmuc0LvhGovr1MUVDNoQY87eezqKTPlfTJublspxCOJX2RDEX1WHwgpae-3HxA_0z3FVgHjN7Q0rTlfol2gHv7s85dyQDQcwiqoFjbqonhpz8UIHLDbW_hif2v75EAPp27tzvVYl4oeMfO0KkTmooDetjwvgoyvi-VJl7wzQzrRlnkqIf2ERt1jeCmrMEF8CJ8anx8H5kLGDSSC9NNxDB-Sr8MoyJ2wWnNmiQhF7EbUPNwFZJXZ5v9tA6Rz_l_HVljCinuQarwk6AtSCeQ2SLDOHXicjQWiBVSBnOAlsi_Fx2M07N4Or9SST5fMhlOo2ZG_5p4vq0C8Yb-654T4m95WfHAC7l8y7uCAbqeJbMbxE1JzKNjIP03EnTMcDw1a0C3OpO-N_oPBD4MatKjxWGmGZI8WkWfy6n9lxOshBU41wSh0EN-g-dvlHwoY6VE7r8OBI0ulk0BH954hE73MCF-qIWkG-3fKUOJzshb_E4KO1Qs4xKY5xw-RfSmOcPaYzoFEOulDyoDODiKZfrP5PT4K7ABWwEMsoieMgdwPhN4wnbnmQ6q97DbWPrOJC153vldagNgMAjnpjTu1QDtJjbqLlQXdyLD1V2cAbNvQ-HqFjFLVcsDBLIJrNzE9VLINVZUNFICTgTiwEr1z6EH_PEt3RIaUTocItUst5rYLOuWqiUDkpbcIpIOBOj8PXB9ZWehofazR3FjyDzAMXbM9nMCXAMYFSKcAgY1irwZKnxk57dZ3f4XmQxQHjvrjsdEjZ-JOqtonc3QcABGCsk1qwWfAETLisj3umeFoNb-sUsTxSm8uz1CEDXpPVm5DIxSn_uSXLswlK-XUJHvnX0ge3rNx11_4Fk6ESn2WHQklzR0pRvH1zDnlyAcd6hwltFRKOxWbEdW_Ie1CXfTg13jiNPMpvO0qLRMXMGhb2SgXw90cXZg--ZFHQ2zzRsGvPqWdQsWjI2HUuBt4ihFfkx2rTmRI-qi8t-AvjHnBbWOUOolrS3eKLOouqoBSD_Sv_CBPO1tZYfer4aVYsB_AJwLNACr3TSHBI2oR1Pj_7Wfd-8Iq5RyKh3vF4b1-m3FQ5d7YG5Qt_TYksjIMgEPapwfmXAdY_kVWHluNdZBPvf3mP8e7QyY2AxlBRSmXBCq80Mzc9apPzkV42rzv2bLt9IKhFyqNUSdVC12RikzgF1t_IQUIotbGDKxZEXIwNXPWRLUiij8x6VIZibUkuSnW-KZWkFyJqnXnUU1fLEsH_kCYT3BfHtYjWO-L-75yrutnkyziubTzPEp0x_ugI_3jUGF5DgJNV74Bn03yzij87hYnINNAr4ndZFghwU-5r4Cq4o5z9hbiKxqFrzr-m-g9InaINWJTzFIp3UxceFdAqvx52HtE_WxiqokvMfekhc_Ghn-8lOgwEcDm77_O4oEf6REhIAGqYngDrcIAJl5hc8bLSpEfso_k8UjlYVJLNffEMasIw6RdYXM8dXJLU3FMxAL0eZEaOjKYhP2KxPtErTXG4-VVeofVTbeVBpuk-g4YKs4nlMsMW7j8VzKhDuvpTTXJ12phenMXuzFloGmWG3Syzj4E5U-jT2GBmCBLLfgMDTvH_fnnlhUjJbRIStcTlfYdtgNCuDm_wQYZHlgzdPlyBuUKMdZM8e2i9rfJ1qsolLRRap-Zrc_ThY1mgrD_xE6-VcUcJNt1ca7Lyiuzbj3U2OYPN1sr7ItEDpzw-ztui72tkp94_FD11gJW-jQXBWGWcUllrjGxhCg5Fl1nXcR_PuH7Zjltgov1nvlwFIak65F9t0NLpKi5XK6wndItQofRtXJXlfjRTudGHItPHMgGe5FQF6qnSEXZGpajCxyxMbBtwsp5p3SygBIod5qYpMXGDkBJfFSyAZjvd0fou2Af0czI2Tf2DTklJonINuT_FSn-L_8uhYSDYtm8fiX5bc451cnA_PC6dB4jeVbFZHe0Mzegu7InpykCpdHpb2g
2025-05-12 15:44:28 - reCAPTCHA server response: {"success":true,"challenge_ts":"2025-05-12T13:43:29Z","hostname":"localhost"}
2025-05-12 15:44:28 - reCAPTCHA verified successfully
2025-05-12 15:44:28 - Fields validated successfully
2025-05-12 15:44:28 - Email validated, proceeding to registration
2025-05-12 15:44:28 - Attempting to add user: nom=mouhamed, email=hammamahmoud06@gmail.com
2025-05-12 15:44:28 - User added with ID: 83
2025-05-12 15:44:28 - Transaction committed
2025-05-12 15:44:28 - Upload dir: C:\Users\hamma\Desktop\Travaille\integration\readme-Innoconnect-user\View\frontOffice/../../uploads/
2025-05-12 15:44:28 - Photo validated successfully
2025-05-12 15:44:28 - Photo uploaded to: C:\Users\hamma\Desktop\Travaille\integration\readme-Innoconnect-user\View\frontOffice/../../uploads/83_1747057468.jpg
2025-05-12 15:44:28 - Encoding result: Traceback (most recent call last):
  File "C:\Users\hamma\Desktop\Travaille\integration\readme-Innoconnect-user\View\frontOffice/../../scripts/generate_encoding.py", line 1, in <module>
    import face_recognition
ModuleNotFoundError: No module named 'face_recognition'

2025-05-12 15:44:28 - Registration completed successfully with welcome message: Welcome to the investment world, mahmoud! We're excited to have you on board at InnoConnect. Explore your new features and shape the future!
2025-05-12 15:46:38 - User profile loaded for ID: 83, photo_profil: 83_1747057468.jpg
2025-05-12 15:46:38 - Attempting to display profile picture: ../../uploads/83_1747057468.jpg
2025-05-12 15:46:44 - User profile loaded for ID: 83, photo_profil: 83_1747057468.jpg
2025-05-12 15:46:44 - Attempting to display profile picture: ../../uploads/83_1747057468.jpg
2025-05-12 15:46:45 - User profile loaded for ID: 83, photo_profil: 83_1747057468.jpg
2025-05-12 15:46:45 - Attempting to display profile picture: ../../uploads/83_1747057468.jpg
2025-05-12 15:47:06 - User profile loaded for ID: 83, photo_profil: 83_1747057468.jpg
2025-05-12 15:47:06 - Attempting to display profile picture: ../../uploads/83_1747057468.jpg
2025-05-12 15:54:45 - User profile loaded for ID: 83, photo_profil: 83_1747057468.jpg
2025-05-12 15:54:45 - Attempting to display profile picture: ../../uploads/83_1747057468.jpg
2025-05-12 15:55:28 - User profile loaded for ID: 83, photo_profil: 83_1747057468.jpg
2025-05-12 15:55:28 - Attempting to display profile picture: ../../uploads/83_1747057468.jpg
2025-05-12 15:55:38 - User profile loaded for ID: 83, photo_profil: 83_1747057468.jpg
2025-05-12 15:55:38 - Attempting to display profile picture: ../../uploads/83_1747057468.jpg
2025-05-12 15:55:47 - User profile loaded for ID: 83, photo_profil: 83_1747057468.jpg
2025-05-12 15:55:47 - Attempting to display profile picture: ../../uploads/83_1747057468.jpg
2025-05-12 16:02:28 - User profile loaded for ID: 83, photo_profil: 83_1747057468.jpg
2025-05-12 16:02:28 - Attempting to display profile picture: ../../uploads/83_1747057468.jpg
2025-05-12 16:03:00 - User profile loaded for ID: 83, photo_profil: 83_1747057468.jpg
2025-05-12 16:03:00 - Attempting to display profile picture: ../../uploads/83_1747057468.jpg
2025-05-12 16:08:03 - Starting registration process
2025-05-12 16:08:03 - CSRF token in session: 19cf12a9551695a502ba83c3014a1bd3c16841f70e326a4e89a681928589f344
2025-05-12 16:08:03 - CSRF token from POST: 19cf12a9551695a502ba83c3014a1bd3c16841f70e326a4e89a681928589f344
2025-05-12 16:08:03 - CSRF token validated successfully
2025-05-12 16:08:03 - reCAPTCHA response received: 03AFcWeA4rahGeJZkiFe_uvoBij7iN7mEkQIU9cYsh6ftLRDb7ILU9LLuryi9XRpY_PJZNrQl9Oh65Hu5e9e5RYoz32oJ9cf5-e636KpbkgSLrdYP061cmJh94uBZWL7oP0TOeizbh-lW7uvlDwibPfegTl0whxR1TiQCtJPdVIVY0FAl0eF3Dr3IZlRlaBxaHznvAnbwZh9-s0IdIzDHBB2yf_AMwtvJ-0WtyIqEHMbJBIWBlfCnhu1cBgx8zr7JAgSD-sg7ruYaQbH-veaLa6VcyS8OWahMeIpoXuRZXyjJLruKFo-By-xKTssWKCXXcBLUyvx211OEodQlVX_WBV6bHnENl09FX5wrYUnoOGCEYpLpJi4e7p5w4_PjEYUL5nxJJHQz7p_cRGulaUeQaAq8xj90u45tN4F3xCSBrTltckCnQSaUaa5Dae4JSmz335soieY4gksut5251uCQQk9JI_QKc8XnZ3FqJn3hitan_MSWc-5iByNbrdOuaPGmsyaUnDJpMtL5UfGit83XjI756podkcvMvTm7RiCMhNoBk8h4cR0zUUQ5GDRLEFNhjjXnOAFRC_JJtF4znwbbiw3Sy1N6v4vzko1URrF2-Vxw1IQikYPkqAAq0snPc2pRcs3WqaJ0GM_mZNqzBmz_LzGQcv6vXBiGm0Bk_gcyPrVhXsgF8FR1Qc6oY7Q8_6-KUAvas0wW5eZM7NsDJTWoGGGnQa4wiV4Ocqh2XVo-jDP57YVyei4OAYtm8N0WtYJ77GI6ITZ431sV8Ar4QUU_enF-neJdEwhH1w890RGq_INYtbRByxQv9S-lnKwHxBRZqBn_WHX9rwJannkzD45z_DcQt6h4XRrBWcwdvnRdMuamdHSoD6f8Ug2JJ2MY7U-t70HqL0E0ngg1DM6layH8dAK2cx3P2KfZN31MjbHmUo6SatmqPSxtZzIb53Ak1gRvHJfnATUF8oFnKB6wVRukUiDjoJIu0aYhUFxywcnsZhbUIBW8NdgazOZuedv0VyrrHidir0Bs9LpZUvG-5GwfMOekD9EBsM6kO02a26M21s5nTqgBHhwCaxV-qOG1PtSTbqqZqWwT60kEvb_vLOnwcaXEkEQu7xU8r07adZKmzwj78rr7Ixt6af7TsGGp2PVEfh5lyLJD5GY2bM899m5fDAHfOWKFZLZJ-lwPzYaVo98eEBmoL27MVJfmC-LPf0FvdtISDfPe4SEsy6o1EXMybsb_3LnRGOGDIgVzUfCCaAjyVvCEtMf8hmKg2OUElMZDwwBdUNV36fkgvHwxtJ2MP-sVEYXfSrbinQ3s6zbUyizHwvsSNmCOXcIVfVeFnB7uBNLGZ1oWMRoZ7V_5rrQxQ0Mw77meaMPFjr_DhVyZOmEZK6PHhSSsdyyhyRBxfZLP1jnrPD-hPI2BLPDZzFQGUDs8vBrfi-6IDTWITgA-cM-krRygksW1NYKVBRmsIp7DOE-2hPVCpGxy4KAxWrJzXjcs3Lm6evlldd8pVtXlrEIB66qOkMlKAd5ZsmbdbHznokJSzFqN6hlqrSpXIKUpxugY6pdLfZeEpKviwnrp-_LqgtcbaCUWOq20TNzyGRsMvGspYxC_Al1-BJenXEoGew3aoVy3sOjY__dGG2i_OwqM0mUI5JNKzwGdcPIK4KQEWxXVmPX1NGzX0Rj8LIcoEovSz0TjflAc0a3uo4yfVtM8CFHiqe7K4Vm70d4ch2S5gzQCL1JAEBvpgyaOzU85VVR0DNMv4iNnJEQVf4zD5suPBs2Hn_0qBdRd7HU9-KCnJFMQP6PKuvLzmI3tZqAQcYyh88n1jSy4v2GFsT-DLYFEBnawYgOvGySvVciwBc7BU-v2M-pu4BmNOnAd7-zHeGX50thseR2uLSVo9ewPOwiBsZQSyrIa_TF_C6qGSBKBrLBQHIZ2tYcRwIK9UKdOoDbI_iUN9WilEW9ckpw-ekbbBA-aGHqEsY1E3DxmTLdqU9Hj7X-kitNLjvKNJyqSRpayhp1MSgb_BXOxvT8mGfoux24QFZRstzFU_IiQkzWiQ6FjF8kIaIOajxkFQlej2xfWz4ZVUXPBBn1Y-aUKNGl3FlltDz18n0rkF6NxQyxTT8eDHkN_SK4VhJW3hZIGiGeMiDKWd6Q3jEYRa6uAcIYYAr_klI3Nezlw9uyA2_sh5ZL1fBsU5VUitbtYx3Eowe9SjZocH9rG7AS9LICtV59GDQ3bnxd4F8rTtLkiNmgF-B9LsH9zHVR2qtglSmsQhLQfWLNqDqKiKWI5jZpUTdJBcUeiAnWmhcKfkvU-bOKwAOSw6PHzy6U5x
2025-05-12 16:08:04 - reCAPTCHA server response: {"success":true,"challenge_ts":"2025-05-12T14:07:42Z","hostname":"localhost"}
2025-05-12 16:08:04 - reCAPTCHA verified successfully
2025-05-12 16:08:04 - Fields validated successfully
2025-05-12 16:08:04 - Validation failed: Email already exists - email: 'hammamahmoud06@gmail.com'
2025-05-12 16:08:04 - Redirecting to register.php with notification: Email already exists
2025-05-12 16:40:56 - Starting registration process
2025-05-12 16:40:56 - CSRF token in session: 19cf12a9551695a502ba83c3014a1bd3c16841f70e326a4e89a681928589f344
2025-05-12 16:40:56 - CSRF token from POST: 19cf12a9551695a502ba83c3014a1bd3c16841f70e326a4e89a681928589f344
2025-05-12 16:40:56 - CSRF token validated successfully
2025-05-12 16:40:56 - reCAPTCHA response received: 03AFcWeA7y9M1_DsDxJkYO8Qks7CB9orFQ-yPX7sUq4K0pXfpPHDk98Ps53J-lOV3hPhEmi748LBP3bozwSYzf8tlruYSwe5n4kqfy6y4ASQbFmlOdxesIdwaJt_rT9rVNFom6xMyB2sVFRarkG9etx_nzfPtKJw_2NUYCzbaiExHRnjk1uuykFKiphKC1HR4jGUFzLOAFy-6a_Ui5kBmIFyRdQNntc-7aP5MTyh0MZlF-7awswEDU-J37UCh1ZlUOyjrDf0hH3PUAiPIl9M4VZtJWxH4RwplVUu9H_WgV0lHLNh9eXAc8mwqhjayX9DxHm_ULDjp-iD1SOVOCuMoPXS1wZ71dQShCVGEIx5cdzafQHxgaFSU-STyky8Rn7oBaR786LbBQNlH2zkvelNcth0HImzJUfdig8RlgVKGMLl0MGTvOXmqQ6aZ7Q-IRqEElwVOLpMryImDuKyt9mZbc2YJSZ-ttwNhgzc8G4wFsSnMnTKfPkjzIH2HZkhZy5u-bqZFpuf5-hm17gXfS6bZboTlMjQsFLbZFZZ5KtZiym4iJgGjvVNk8ep5S5gfNwqVgkWWtmBiFQZpdrgmM1hhprfuTcwGng_qyBCV_KNwBI6AMjPLXjcND0wEKM2rqbuo7XwCOcj-ZjbSMwL1gvbS3fJwqPeA3mE4x0YUblayQrX40zY8DeLOHlZv_s3K4yeDan1eG0SyyJ6I-PqSV1-jWnHkrYcqrsSe94oBifSMy34F76OELL5tmsGhkwPZ-Lx8kWjnAWaN0f2PunNajqp25t9c91s5ZH-uRYP6KHV6oyLrBMO3t3eEBfRd8KVdXYbtiKOIQ9XTa6AXEwo0bk-IFkdwAjsCmCJODRTn9Z3GZVOZXK7E9zq9N-k_rjeYCNNazM0vnSZC4BKERiGVajTi0gIyBqfr3KNbdzj79w_ZlXecD0LMLVqV6IXAOapOSYvwVg4HjNudNre5v1Nl5rhqXwicTyXr-ARe3G5ACNsYoeSx8jmm_a_ivnCtC_zYw754Vb3huUgaMAMN8_BPwe9KFeWGIz5xHa7TN5Rj3R0pkPZCC1iIkQ7xBvqrhdgttQqrG0-JT-mhjUj4GG2GnxE4OIWzBuYadezm-V1CejkbKi0a3QR7RaHWxm61KH6vKAV4C7arXuuXcf4rr0fPT5VtHs-7aRr4a6aea0msR0VuE-Nh5e5ovqpGHFzi5xrrqpPTkUXDcUbsQiK-26hUIrlXX_YCBElqDWC1KiaU1ObPvQQejfQEMe0zZGXuzMBpyCqzsrnTYqwYmplfgJ0-oHpkm7uWK425Swg_hh6CYQ4mcKnKqpjGeO9MtEoG5g0OXe3DZc-IYguHzWHyN0KnuHV-0qB4HS9pAYtXdTjFfQB3bKYQiYE-jgWl9ddSG2RmQhuUBni8HcCtRRPNYB9wUguRqJanDtYyZnUD6qjzY217r6VEa450BvOjtfiTwlHE8dQw4AR3E3qYDhTyA-3apfQXUxPsdSfoGjyFlH_IptEwvTUOk7tMt-12YLljTCOVhrH8sQGVdY1sPHrFNthbkpF5y5jIOtUKv6WxHSrAwSLifKdpeFZpBVkt5WEhGLc50tr22N5DVMXUK4IJQptBtQ-GTSmTUzQ6EPdp5OavUWsxNeiNH9capBF7I9RETh-_Yb9ZlNVndkNUkbWqWL4npnSZ-kYCNh-z_y5PjOineiPbM8riX8X9b7f1kRVMNm2ElwaSl4KO01wb0AAmakxkRaOEI2c0-HIdLKrIzgVoUh2iopFS3TaY3FUBa51DldrtiYysSs6onU3LGtkOznU57p8Kf1v0PvtpDOVrJiq_zB2q72R8wCt61PQWjBmwAsF8zUv8fJpTLY9t00frg8AucqFp06Yme4iTSVMGsVBl4qm7j9JTbuZPtyQaRgMqDrGuKlC8MO1OvEQ-NmCUJBde86ff5FItk56-GdUcWs2wdpNQ90h3sWm8YyUP1utjwXxkaSJPhY7fKbQOnDWsDan1yBr0wRd9CpASDMKiRnGe8q2SSTaSIqZC625CVG9USykxpol6sjQuzVy1Kykl2BCXzp2GtaB3OKuxcq9sqxiCjssTieAnjNZvM8CdSIZpxU6vmi9lVImQBVclcfaPDrhJ_mT4rQ8bg98FETxSMhA2GWje-5phKeGB0XwD__LYa-1Oya9JBvfQFuyENfbEI273EEpluSXysZkHU2Sh40wRLo5SGUugAF3H2Ex0rbdHeCbtiVzilZdqkgJIATaUSw25qlviIMh2IR-TmNeDQJ04YcMuBkqoVjTuRukyFnGJdk1PCYr3b-m72wN2xUMivAMZ0lsa5o-XiDVhkPTB8PvEZbT4oRy3Rl8maIpZPTnE
2025-05-12 16:40:56 - reCAPTCHA server response: {"success":true,"challenge_ts":"2025-05-12T14:08:03Z","hostname":"localhost"}
2025-05-12 16:40:56 - reCAPTCHA verified successfully
2025-05-12 16:40:56 - Fields validated successfully
2025-05-12 16:40:56 - Email validated, proceeding to registration
2025-05-12 16:40:56 - Attempting to add user: nom=mouhamed, email=hammamahmoud07@gmail.com
2025-05-12 16:40:56 - User added with ID: 84
2025-05-12 16:40:56 - Transaction committed
2025-05-12 16:40:56 - Upload dir: C:\Users\hamma\Desktop\Travaille\integration\readme-Innoconnect-user\View\frontOffice/../../uploads/
2025-05-12 16:40:56 - Photo validated successfully
2025-05-12 16:40:56 - Photo uploaded to: C:\Users\hamma\Desktop\Travaille\integration\readme-Innoconnect-user\View\frontOffice/../../uploads/84_1747060856.jpg
2025-05-12 16:40:56 - Encoding result: Traceback (most recent call last):
  File "C:\Users\hamma\Desktop\Travaille\integration\readme-Innoconnect-user\View\frontOffice/../../scripts/generate_encoding.py", line 1, in <module>
    import face_recognition
ModuleNotFoundError: No module named 'face_recognition'

2025-05-12 16:40:56 - Registration completed successfully with welcome message: Take charge as an admin, mahmoud! We're excited to have you on board at InnoConnect. Explore your new features and shape the future!
2025-05-12 16:49:18 - User not logged in, redirecting to login
2025-05-12 16:49:31 - User profile loaded for ID: 83, photo_profil: 83_1747057468.jpg
2025-05-12 16:49:31 - Attempting to display profile picture: ../../uploads/83_1747057468.jpg
2025-05-12 16:49:40 - User profile loaded for ID: 83, photo_profil: 83_1747057468.jpg
2025-05-12 16:49:40 - Attempting to display profile picture: ../../uploads/83_1747057468.jpg
2025-05-12 16:53:03 - User profile loaded for ID: 83, photo_profil: 83_1747057468.jpg
2025-05-12 16:53:03 - Attempting to display profile picture: ../../uploads/83_1747057468.jpg
2025-05-12 16:53:09 - User profile loaded for ID: 83, photo_profil: 83_1747057468.jpg
2025-05-12 16:53:09 - Attempting to display profile picture: ../../uploads/83_1747057468.jpg
2025-05-12 16:53:53 - Starting registration process
2025-05-12 16:53:53 - CSRF token in session: 280f783ec00370afb199ca7467af48c6d08f5d34b5e7dc472a2564a85aecc289
2025-05-12 16:53:53 - CSRF token from POST: 280f783ec00370afb199ca7467af48c6d08f5d34b5e7dc472a2564a85aecc289
2025-05-12 16:53:53 - CSRF token validated successfully
2025-05-12 16:53:53 - reCAPTCHA response received: 03AFcWeA6h8J24xGSTSyTVVQMVCOgSnQoUabl1oR7uLNP_e2yvuK0Kmpz5CX5Ea4ErGCTyl1b2P-w2g6JE4yhiewDQ8z6F1MAl81KFBrylYJ3lR0CPKuen3d4JZFJA2v1QHo82sVkTCm2Eudl7_wGX1_DzGhOImSU-7Wjy1a5qwZpswtMsomvKW8ch8QphPMh4bq-1ntdZnoiprY77uEAlYxAMEWvMGaECyFtXiNGLSFsz5o27T3fr6OzuwNuHxpDgDSq0Ecz6Fz1W5JBHuTbeP_31PTa2hS8bZQYVVuhj7JbvXptaZkWdvLkVIz3cd_Ut_Mw2xerqlUJMukvPnMV6U6EJfWCfM44hpyYyxiPMKhh3V7ZP5EMDkaW47v4eycAZxzlhI8t3rGdc3saty5HpZHwz9_OJARJae7uhQ9EdBj6z-Km1upmLfjiRUh9tOlz7tYvwNTZs7vqf47XNaRU86TgrFEVHPiZcvHtBy93MwhzuRdon5gPoLSboYW7HHVg3csZOgZOxvZ-HzaXSihMrlsaTaXWxToilr8TGDI08vby7P8eQS6LixsJRDJEk787TjS7_wcP3oALswLikFr7G0u28DRQdhK_w2Txi3k3acMHENkumLfbgSQQqbm95pwk3VUVbk1g9BqqmvoxkR2z2JDzDDRIDL5zZQjRSCnN3Tbahx-ENQ2seGRHOWCEJB62vlDL0InphQVYeVgmxva5c8WFFS_dOEAUYRAKz8ArizusbdGdeSkKcu_cYZkydv5w7yL9ghe8V3drhBUkaPd-lR5PWTQhEh8t3cY8ny8fzlx1zXXJ9rB4-Tv75GIZxFeGlyp2adk_ViCOfQdv8aUYHscW8JO_eExYl6GMOcRau4WStfXY75hKxTjMjrSBBXNgJGnSpoa8-4avVL48eMjaieOWZTfobRd5JTAFPjLzzK5nL5LWWgQoOODMsZFVLY472GmthWDGhvhyGtNFdtdrO4xVzaBeG--5cuOdH7bjjMNH_pA4Dbt9WAcfY7N1d_CsXwASXgg3rMr1Y6q5cNvBXAr8N8Gbujn_QuUSryIESVU5WjBZWI5XhykT2VfV7RqXArIoBIRig1hdg4reCuqZt3kCvMN1S8h16nvkkyi9Nu0xy_IzZ_OJKqLU8uckbyCMjessRSOv_Hva79VORBYY3Dzsp-g3Ah1fkwFrEiHyRK1MnSHDEXhnXw9EqM3EB9TmheP46fLzxOEVIO4NAFoWIGLrE0gbJE_ZatiUsnol3u25f30oHaUavnoIFnVC3V88QcFjEzjBZprilTsIP-pF9yUwYiUDGG00r9tk1q2DT-yFkMlEktNcdTV_1ZgWgv4rj-rG3XM_3ID64d0DvVD3Mvk6y-d8lK9BDv_TSHUN2C1dtgKB1DbHIrHqaKGzh2zo8SsyabODn3WVYAnEB4LBxuhiAzvwstcdS3YyKBTGrWIclic23LI9lAlQVSrSl8wpODTGO5k75G64vcQ-5DcIRyylgok9ENbAUkSQ5EpGZARJHqVMhoz0JtqtPyyWn1HfeiYZFvMu0TgbprsWHjhQ1Pbmtwv3Wmpg3qaPlnMzOUW2XiVOBvfpolz41RYqXmbLsPG6ZtSTmrlBqAn5yTxZwPqscrRxhvpMWU21AeJY5yONawm9MVdfsgH5jTQMfqRl9O94EIXDS0WCmi9i5wiBmhpR3bHTUKI7dfsPpzNHsIjeOhp-4EbOWdTHN7RJ8fa3iftnj_qiLJWvroEMLFJIPpDx0DlUsXiae_5VJkF2VMLYkRQY2P9zc56eXgbcQbdW39RgiG61h46LEqw8nkbaKBeBW31LblFTLdD6mRyOu0688ZvcLlKn8LtKW4GKEXeva6nvBkW_PIk17r8ff3DIyeWt58lg0DHZ_jiJOmJE4pSAsjruHpY5GWuoCb8EuVEXVSBjRH_Esj8kj49NP025m6hQllBqbSDM-iQpuwVCHXLMiS2ZLmJ7wZwzuGDQ_-hFwifOiEYFa5EgZULh5TySRgKAY8Wy9cMyLJVkVXwKOvsuB4h3wRkT5j6tHz5NUHniDSAMSMs5CMozAm56SfYhRx4KI3VPMsJaOHlP0-AoFXQwXn8aN6ozK7krk270HrsOeEUNepCZ2gAdKhsuH0YXbAl_iOdqKqIoiuvwRFvpR3zv63Oj4bjLV4AQxs4-Q5ZPes40RCJzbFYOBLhZIqRZcjrvwDfZ04w54T7xWTO7neRhAl_fNUHOEopsmSCYtm37Z2TTYMoYvy-QnlztT8b_UrS3EQkMp-Fbm5IzYMU3Gotxm0F6JzPm-FQSPLmkM3W3NkYRtMWqSA5LjqCSdhqHWV5HrMVYmRIdn4A
2025-05-12 16:53:53 - reCAPTCHA server response: {"success":true,"challenge_ts":"2025-05-12T14:53:19Z","hostname":"localhost"}
2025-05-12 16:53:53 - reCAPTCHA verified successfully
2025-05-12 16:53:53 - Fields validated successfully
2025-05-12 16:53:53 - Email validated, proceeding to registration
2025-05-12 16:53:53 - Attempting to add user: nom=dhaw, email=admin@covoituni.tn
2025-05-12 16:53:53 - User added with ID: 85
2025-05-12 16:53:53 - Transaction committed
2025-05-12 16:53:53 - Upload dir: C:\Users\hamma\Desktop\Travaille\integration\readme-Innoconnect-user\View\frontOffice/../../uploads/
2025-05-12 16:53:53 - Photo validated successfully
2025-05-12 16:53:53 - Photo uploaded to: C:\Users\hamma\Desktop\Travaille\integration\readme-Innoconnect-user\View\frontOffice/../../uploads/85_1747061633.jpg
2025-05-12 16:53:53 - Encoding result: Traceback (most recent call last):
  File "C:\Users\hamma\Desktop\Travaille\integration\readme-Innoconnect-user\View\frontOffice/../../scripts/generate_encoding.py", line 1, in <module>
    import face_recognition
ModuleNotFoundError: No module named 'face_recognition'

2025-05-12 16:53:53 - Registration completed successfully with welcome message: Get ready to innovate, dhaw! We're excited to have you on board at InnoConnect. Explore your new features and shape the future!
2025-05-12 16:58:06 - User profile loaded for ID: 85, photo_profil: 85_1747061633.jpg
2025-05-12 16:58:06 - Attempting to display profile picture: ../../uploads/85_1747061633.jpg
2025-05-12 17:01:22 - User profile loaded for ID: 85, photo_profil: 85_1747061633.jpg
2025-05-12 17:01:22 - Attempting to display profile picture: ../../uploads/85_1747061633.jpg
2025-05-12 17:01:28 - User profile loaded for ID: 85, photo_profil: 85_1747061633.jpg
2025-05-12 17:01:28 - Attempting to display profile picture: ../../uploads/85_1747061633.jpg
2025-05-12 17:01:48 - User profile loaded for ID: 85, photo_profil: 85_1747061633.jpg
2025-05-12 17:01:48 - Attempting to display profile picture: ../../uploads/85_1747061633.jpg
2025-05-12 17:01:51 - User profile loaded for ID: 85, photo_profil: 85_1747061633.jpg
2025-05-12 17:01:51 - Attempting to display profile picture: ../../uploads/85_1747061633.jpg
2025-05-12 17:02:08 - User profile loaded for ID: 85, photo_profil: 85_1747061633.jpg
2025-05-12 17:02:08 - Attempting to display profile picture: ../../uploads/85_1747061633.jpg
2025-05-12 17:02:23 - User profile loaded for ID: 85, photo_profil: 85_1747061633.jpg
2025-05-12 17:02:23 - Attempting to display profile picture: ../../uploads/85_1747061633.jpg
2025-05-12 17:49:59 - User profile loaded for ID: 85, photo_profil: 85_1747061633.jpg
2025-05-12 17:49:59 - Attempting to display profile picture: ../../uploads/85_1747061633.jpg
2025-05-12 17:50:12 - User profile loaded for ID: 85, photo_profil: 85_1747061633.jpg
2025-05-12 17:50:12 - Attempting to display profile picture: ../../uploads/85_1747061633.jpg
2025-05-12 18:00:54 - User profile loaded for ID: 85, photo_profil: 85_1747061633.jpg
2025-05-12 18:00:54 - Attempting to display profile picture: ../../uploads/85_1747061633.jpg
2025-05-12 18:00:58 - User profile loaded for ID: 85, photo_profil: 85_1747061633.jpg
2025-05-12 18:00:58 - Attempting to display profile picture: ../../uploads/85_1747061633.jpg
2025-05-12 23:00:55 - User profile loaded for ID: 85, photo_profil: 85_1747061633.jpg
2025-05-12 23:00:55 - Attempting to display profile picture: ../../uploads/85_1747061633.jpg
2025-05-12 23:01:13 - User profile loaded for ID: 83, photo_profil: 83_1747057468.jpg
2025-05-12 23:01:13 - Attempting to display profile picture: ../../uploads/83_1747057468.jpg
2025-05-12 23:14:22 - User profile loaded for ID: 83, photo_profil: 83_1747057468.jpg
2025-05-12 23:14:22 - Attempting to display profile picture: ../../uploads/83_1747057468.jpg
2025-05-12 23:14:27 - User profile loaded for ID: 83, photo_profil: 83_1747057468.jpg
2025-05-12 23:14:27 - Attempting to display profile picture: ../../uploads/83_1747057468.jpg
2025-05-12 23:27:27 - User profile loaded for ID: 83, photo_profil: 83_1747057468.jpg
2025-05-12 23:27:27 - Attempting to display profile picture: ../../uploads/83_1747057468.jpg
2025-05-12 23:27:48 - User profile loaded for ID: 83, photo_profil: 83_1747057468.jpg
2025-05-12 23:27:48 - Attempting to display profile picture: ../../uploads/83_1747057468.jpg
2025-05-12 23:28:40 - User profile loaded for ID: 83, photo_profil: 83_1747057468.jpg
2025-05-12 23:28:40 - Attempting to display profile picture: ../../uploads/83_1747057468.jpg
2025-05-12 23:29:57 - Starting registration process
2025-05-12 23:29:57 - CSRF token in session: 3b384be8c539d66566c17c4cf0e49f2cdc434b641ea378881eb70c6912c70e2e
2025-05-12 23:29:57 - CSRF token from POST: 3b384be8c539d66566c17c4cf0e49f2cdc434b641ea378881eb70c6912c70e2e
2025-05-12 23:29:57 - CSRF token validated successfully
2025-05-12 23:29:57 - reCAPTCHA response received: 03AFcWeA6T6I1mQMADtfiL_5iEPXVOLuy_d_83mCZ5M0l-5U6GgD84UIf986EArazwab7glFBDqf2LdMxTBn22sNF6FlzWhzvO3WcE5yjTfPRb-kA3oTJPUl_xs1m_Ap4GqpYGYctdP44yvhPT-9_udQxY5nrICrvkkHGzTzcd3gSHZZ2Xb2Pm42lihefDN2jaD-Hm6cczOIEIwaIXvz66UYFTQcA8RBYsCTFExH9EFdGZcPm1vN5j1byZ3WqE5BKXSKvOg1_uBbIR2XzFXgkp0ttlZuS0FsChj2BSb6C3BEefERjX6R5oBj7tP6BpAHVf8mrIFcdRAarWw-6_FSibs4jnSgeM97_9USeNoh6qy-nV-d9hESEIIxqStSH3LS0rNExboTDMeRkBY8tbzDrsQaRTWbTSyGY_h5MewO3zXM2_-oCjaQBPQgwfjEsU2uqG3aWNCeD2XmPnZSjKZKpCt6aw4oRQyqqAVnh4Mnnsd3ifIbN7QOXyVvhgHr-xNJKANLqU5AFCefG80dpyORBrykIQJSB-ud4hIsCM5dduRBuPdG41DkcxEzMuh1ITlhI9M-wJIcgBPthJTEKL2sv0YoSo4eQh7_Lff5XU_Q3j3-PVUVcFUc-OsCS2V0qGd3XoS-EI6B9Fesh_zrXXMlVc0woI1hYPzjPyH3b3XdUZXleWtenkREW4P-rXftQ1POLlAoK49B6NwqAkqsprhsMC4k7IRhTuyyQoWiZt_etkzDHKXwUeKEGUz0n1YKDpq8-m7OoisHmkySgt2wcoRDJpbIEMWsvOEDfeEMCVgipVHkVOi2IlCugzQOczFrokRk1poabz1jsnstRyidBvMpYAeb_kPaGBHyXaVUB7qen8l2zxTTztVQrbOUidjXNEA_qZVqHSO9d_q1BcG_KGE8ivzATyZxaHNWwOfAJWm3GybCGjDOHNU0MAlOC7PdT4Qjq9J3PNSWaLr1jKXKG0RT8G9Fp0K_ETOI9jqzlJfLGRm8S_dcFVAgUQ7nhbA1mp1fIySbHWApwR9XhYR3GM22byjONIywh2-HAxrw17Br1k0tj3rssPBd94Fk4dKCQKnzKNs_gAxFVXSJDatL4dVamAiywn7ERu-n_JVUFeggA5x8txAJg993ojbDYbaZJrp31u4sJ5EGOK6B-86lyw1ynq5G59dCcZhHynYAQWa3EHa3ywmaK8ltRmz-MaPSwj6e-NW7q0ebU9WZjuR4PaF03BJ80bP8jPsbGjH0Hhgw0NICyBm3ZkFo1GMVeGsjjplbbmj352sL0RBBp4YtfwWkkReDgE0Dac5HKZOcyu4DUW1H8FZpg3hAbJytnZ1mG54AGrmfxh9lO5pKP4aupk_ZQAReS3z3OdxwhNdG9mSKa5JfFpZYaHTsiCN8OhorPzPS-Uc6J56_28m5qVHLRh64WoE2KGP3_eTEzSr6_ZIlJfQlPFrf_s3Rw4XgbwtQbmR5pFaweQu228h-c3GA2iVprtx4bsVMDN8hlVQ4_xGJIHdvC2rJ_TZ2fqFifPYecLrb3Nhba5INF5OQTpNEGiVLPqFf-JKB5OH6CXdW0iH1o0IehxgeJhPps4lnwqc6jN2e78pmdNitodWnLBlAq1UK535BW80QvtGuk8Hxe37zQPt6blgPWaZSiOtncZZOey-8YiWHiLN5DWGwI5P_VZdMZWfs58tHJOdhfeYWmGxd8l5QJ-03Z8lmFOv6cNEOmKPG_bog_ou2_MBFL82m8Yzyrvh--PN7R3CIn1ujRdRbObYbVm2fVtFcHxLjiBpvpcTGBg70A5rMCA6g4XR8J9i0C0GaBy-sOwGydFsttr2uQhJtuaqSrYARcDfKT5Nbok4si9wXefKrMhIgHrqnVPFWRU4V8oUeGvy3u8S1KVSVC78XxuI8EJdBX8rAK4NEdz2S1Qbpeu_gl7WDff1riZQCOddEjEBAMegeN2vePoMI4zpO5Z0zAsXlpL5iK99ltTazw6cIoTtaKPDH8VjD1eXwzV6rji_-ez8P6X-5XAcgdcAZ_HYjPbYo8yhWXET_AtWk4ZOm8vfuGh8s75f_I8PEuCLsxkrNBgtzB4uQ
2025-05-12 23:29:57 - reCAPTCHA server response: {"success":true,"challenge_ts":"2025-05-12T21:29:07Z","hostname":"localhost"}
2025-05-12 23:29:57 - reCAPTCHA verified successfully
2025-05-12 23:29:57 - Fields validated successfully
2025-05-12 23:29:57 - Email validated, proceeding to registration
2025-05-12 23:29:57 - Attempting to add user: nom=dhaw, email=hammamahmoud01@gmail.com
2025-05-12 23:29:57 - User added with ID: 86
2025-05-12 23:29:57 - Transaction committed
2025-05-12 23:29:57 - Upload dir: C:\Users\hamma\Desktop\Travaille\integration\readme-Innoconnect-user\View\frontOffice/../../uploads/
2025-05-12 23:29:57 - Photo validated successfully
2025-05-12 23:29:57 - Photo uploaded to: C:\Users\hamma\Desktop\Travaille\integration\readme-Innoconnect-user\View\frontOffice/../../uploads/86_1747085397.png
2025-05-12 23:29:57 - Encoding result: Traceback (most recent call last):
  File "C:\Users\hamma\Desktop\Travaille\integration\readme-Innoconnect-user\View\frontOffice/../../scripts/generate_encoding.py", line 1, in <module>
    import face_recognition
ModuleNotFoundError: No module named 'face_recognition'

2025-05-12 23:29:57 - Registration completed successfully with welcome message: Take charge as an admin, dhaw! We're excited to have you on board at InnoConnect. Explore your new features and shape the future!
2025-05-13 16:59:23 - User profile loaded for ID: 72, photo_profil: 72_1746531910.jpg
2025-05-13 16:59:23 - Attempting to display profile picture: ../../uploads/72_1746531910.jpg
2025-05-13 16:59:24 - User profile loaded for ID: 72, photo_profil: 72_1746531910.jpg
2025-05-13 16:59:24 - Attempting to display profile picture: ../../uploads/72_1746531910.jpg
2025-05-13 16:59:32 - User profile loaded for ID: 72, photo_profil: 72_1746531910.jpg
2025-05-13 16:59:32 - Attempting to display profile picture: ../../uploads/72_1746531910.jpg
2025-05-13 16:59:33 - User profile loaded for ID: 72, photo_profil: 72_1746531910.jpg
2025-05-13 16:59:33 - Attempting to display profile picture: ../../uploads/72_1746531910.jpg
2025-05-13 16:59:42 - User profile loaded for ID: 72, photo_profil: 72_1746531910.jpg
2025-05-13 16:59:42 - Attempting to display profile picture: ../../uploads/72_1746531910.jpg
2025-05-13 16:59:43 - User profile loaded for ID: 72, photo_profil: 72_1746531910.jpg
2025-05-13 16:59:43 - Attempting to display profile picture: ../../uploads/72_1746531910.jpg
2025-05-13 17:00:02 - User profile loaded for ID: 72, photo_profil: 72_1746531910.jpg
2025-05-13 17:00:02 - Attempting to display profile picture: ../../uploads/72_1746531910.jpg
2025-05-13 17:00:02 - User profile loaded for ID: 72, photo_profil: 72_1746531910.jpg
2025-05-13 17:00:02 - Attempting to display profile picture: ../../uploads/72_1746531910.jpg
2025-05-13 17:00:05 - User profile loaded for ID: 72, photo_profil: 72_1746531910.jpg
2025-05-13 17:00:05 - Attempting to display profile picture: ../../uploads/72_1746531910.jpg
2025-05-13 17:00:06 - User profile loaded for ID: 72, photo_profil: 72_1746531910.jpg
2025-05-13 17:00:06 - Attempting to display profile picture: ../../uploads/72_1746531910.jpg
2025-05-13 17:00:22 - User profile loaded for ID: 72, photo_profil: 72_1746531910.jpg
2025-05-13 17:00:22 - Attempting to display profile picture: ../../uploads/72_1746531910.jpg
2025-05-13 17:00:23 - User profile loaded for ID: 72, photo_profil: 72_1746531910.jpg
2025-05-13 17:00:23 - Attempting to display profile picture: ../../uploads/72_1746531910.jpg
2025-05-13 17:00:34 - User profile loaded for ID: 72, photo_profil: 72_1746531910.jpg
2025-05-13 17:00:34 - Attempting to display profile picture: ../../uploads/72_1746531910.jpg
2025-05-13 17:00:35 - User profile loaded for ID: 72, photo_profil: 72_1746531910.jpg
2025-05-13 17:00:35 - Attempting to display profile picture: ../../uploads/72_1746531910.jpg
2025-05-13 17:02:49 - User profile loaded for ID: 72, photo_profil: 72_1746531910.jpg
2025-05-13 17:02:49 - Attempting to display profile picture: ../../uploads/72_1746531910.jpg
2025-05-13 17:02:49 - User profile loaded for ID: 72, photo_profil: 72_1746531910.jpg
2025-05-13 17:02:49 - Attempting to display profile picture: ../../uploads/72_1746531910.jpg
2025-05-13 17:25:39 - User profile loaded for ID: 72, photo_profil: 72_1746531910.jpg
2025-05-13 17:25:39 - Attempting to display profile picture: ../../uploads/72_1746531910.jpg
2025-05-13 17:25:41 - User profile loaded for ID: 72, photo_profil: 72_1746531910.jpg
2025-05-13 17:25:41 - Attempting to display profile picture: ../../uploads/72_1746531910.jpg
2025-05-13 17:25:42 - User profile loaded for ID: 72, photo_profil: 72_1746531910.jpg
2025-05-13 17:25:42 - Attempting to display profile picture: ../../uploads/72_1746531910.jpg
2025-05-13 17:26:34 - User profile loaded for ID: 72, photo_profil: 72_1746531910.jpg
2025-05-13 17:26:34 - Attempting to display profile picture: ../../uploads/72_1746531910.jpg
2025-05-13 17:26:34 - User profile loaded for ID: 72, photo_profil: 72_1746531910.jpg
2025-05-13 17:26:34 - Attempting to display profile picture: ../../uploads/72_1746531910.jpg
2025-05-13 17:28:32 - User profile loaded for ID: 72, photo_profil: 72_1746531910.jpg
2025-05-13 17:28:32 - Attempting to display profile picture: ../../uploads/72_1746531910.jpg
2025-05-13 17:28:33 - User profile loaded for ID: 72, photo_profil: 72_1746531910.jpg
2025-05-13 17:28:33 - Attempting to display profile picture: ../../uploads/72_1746531910.jpg
2025-05-13 17:28:34 - User profile loaded for ID: 72, photo_profil: 72_1746531910.jpg
2025-05-13 17:28:34 - Attempting to display profile picture: ../../uploads/72_1746531910.jpg
2025-05-13 17:28:35 - User profile loaded for ID: 72, photo_profil: 72_1746531910.jpg
2025-05-13 17:28:35 - Attempting to display profile picture: ../../uploads/72_1746531910.jpg
2025-05-13 17:41:54 - User profile loaded for ID: 72, photo_profil: 72_1746531910.jpg
2025-05-13 17:41:54 - Attempting to display profile picture: ../../uploads/72_1746531910.jpg
2025-05-13 17:41:55 - User profile loaded for ID: 72, photo_profil: 72_1746531910.jpg
2025-05-13 17:41:55 - Attempting to display profile picture: ../../uploads/72_1746531910.jpg
2025-05-13 17:42:06 - Delete request received for ID: 52
2025-05-13 17:42:06 - User deleted successfully: ID 52
2025-05-13 17:42:14 - User profile loaded for ID: 72, photo_profil: 72_1746531910.jpg
2025-05-13 17:42:14 - Attempting to display profile picture: ../../uploads/72_1746531910.jpg
2025-05-13 17:42:15 - User profile loaded for ID: 72, photo_profil: 72_1746531910.jpg
2025-05-13 17:42:15 - Attempting to display profile picture: ../../uploads/72_1746531910.jpg
2025-05-13 17:42:26 - User profile loaded for ID: 72, photo_profil: 72_1746531910.jpg
2025-05-13 17:42:26 - Attempting to display profile picture: ../../uploads/72_1746531910.jpg
2025-05-13 17:42:27 - User profile loaded for ID: 72, photo_profil: 72_1746531910.jpg
2025-05-13 17:42:27 - Attempting to display profile picture: ../../uploads/72_1746531910.jpg
2025-05-13 17:42:29 - User profile loaded for ID: 72, photo_profil: 72_1746531910.jpg
2025-05-13 17:42:29 - Attempting to display profile picture: ../../uploads/72_1746531910.jpg
2025-05-13 17:42:29 - User profile loaded for ID: 72, photo_profil: 72_1746531910.jpg
2025-05-13 17:42:29 - Attempting to display profile picture: ../../uploads/72_1746531910.jpg
2025-05-13 19:39:24 - User profile loaded for ID: 72, photo_profil: 72_1746531910.jpg
2025-05-13 19:39:24 - Attempting to display profile picture: ../../uploads/72_1746531910.jpg
2025-05-13 19:39:25 - User profile loaded for ID: 72, photo_profil: 72_1746531910.jpg
2025-05-13 19:39:25 - Attempting to display profile picture: ../../uploads/72_1746531910.jpg
2025-05-13 19:41:42 - User profile loaded for ID: 83, photo_profil: 83_1747057468.jpg
2025-05-13 19:41:42 - Attempting to display profile picture: ../../uploads/83_1747057468.jpg
2025-05-13 19:41:43 - User profile loaded for ID: 83, photo_profil: 83_1747057468.jpg
2025-05-13 19:41:43 - Attempting to display profile picture: ../../uploads/83_1747057468.jpg
2025-05-13 19:50:51 - User profile loaded for ID: 83, photo_profil: 83_1747057468.jpg
2025-05-13 19:50:51 - Attempting to display profile picture: ../../uploads/83_1747057468.jpg
2025-05-13 19:50:52 - User profile loaded for ID: 83, photo_profil: 83_1747057468.jpg
2025-05-13 19:50:52 - Attempting to display profile picture: ../../uploads/83_1747057468.jpg
2025-05-13 20:05:29 - User profile loaded for ID: 83, photo_profil: 83_1747057468.jpg
2025-05-13 20:05:30 - Attempting to display profile picture: ../../uploads/83_1747057468.jpg
2025-05-13 20:05:31 - User profile loaded for ID: 83, photo_profil: 83_1747057468.jpg
2025-05-13 20:05:31 - Attempting to display profile picture: ../../uploads/83_1747057468.jpg
2025-05-13 20:05:39 - User profile loaded for ID: 83, photo_profil: 83_1747057468.jpg
2025-05-13 20:05:39 - Attempting to display profile picture: ../../uploads/83_1747057468.jpg
2025-05-13 20:05:40 - User profile loaded for ID: 83, photo_profil: 83_1747057468.jpg
2025-05-13 20:05:40 - Attempting to display profile picture: ../../uploads/83_1747057468.jpg
2025-05-13 20:35:20 - User profile loaded for ID: 83, photo_profil: 83_1747057468.jpg
2025-05-13 20:35:20 - Attempting to display profile picture: ../../uploads/83_1747057468.jpg
2025-05-13 20:35:21 - User profile loaded for ID: 83, photo_profil: 83_1747057468.jpg
2025-05-13 20:35:21 - Attempting to display profile picture: ../../uploads/83_1747057468.jpg
2025-05-13 20:38:51 - User profile loaded for ID: 83, photo_profil: 83_1747057468.jpg
2025-05-13 20:38:51 - Attempting to display profile picture: ../../uploads/83_1747057468.jpg
2025-05-13 20:38:52 - User profile loaded for ID: 83, photo_profil: 83_1747057468.jpg
2025-05-13 20:38:52 - Attempting to display profile picture: ../../uploads/83_1747057468.jpg
2025-05-13 20:38:55 - User profile loaded for ID: 83, photo_profil: 83_1747057468.jpg
2025-05-13 20:38:55 - Attempting to display profile picture: ../../uploads/83_1747057468.jpg
2025-05-13 20:38:56 - User profile loaded for ID: 83, photo_profil: 83_1747057468.jpg
2025-05-13 20:38:56 - Attempting to display profile picture: ../../uploads/83_1747057468.jpg
2025-05-13 20:38:59 - User profile loaded for ID: 83, photo_profil: 83_1747057468.jpg
2025-05-13 20:38:59 - Attempting to display profile picture: ../../uploads/83_1747057468.jpg
2025-05-13 20:39:00 - User profile loaded for ID: 83, photo_profil: 83_1747057468.jpg
2025-05-13 20:39:00 - Attempting to display profile picture: ../../uploads/83_1747057468.jpg
2025-05-13 20:39:00 - User profile loaded for ID: 83, photo_profil: 83_1747057468.jpg
2025-05-13 20:39:00 - Attempting to display profile picture: ../../uploads/83_1747057468.jpg
2025-05-13 20:39:01 - User profile loaded for ID: 83, photo_profil: 83_1747057468.jpg
2025-05-13 20:39:01 - Attempting to display profile picture: ../../uploads/83_1747057468.jpg
2025-05-13 20:39:03 - User profile loaded for ID: 83, photo_profil: 83_1747057468.jpg
2025-05-13 20:39:03 - Attempting to display profile picture: ../../uploads/83_1747057468.jpg
2025-05-13 20:39:04 - User profile loaded for ID: 83, photo_profil: 83_1747057468.jpg
2025-05-13 20:39:04 - Attempting to display profile picture: ../../uploads/83_1747057468.jpg
2025-05-13 20:40:47 - User profile loaded for ID: 83, photo_profil: 83_1747057468.jpg
2025-05-13 20:40:47 - Attempting to display profile picture: ../../uploads/83_1747057468.jpg
2025-05-13 20:40:48 - User profile loaded for ID: 83, photo_profil: 83_1747057468.jpg
2025-05-13 20:40:48 - Attempting to display profile picture: ../../uploads/83_1747057468.jpg
2025-05-13 20:44:29 - User profile loaded for ID: 72, photo_profil: 72_1746531910.jpg
2025-05-13 20:44:29 - Attempting to display profile picture: ../../uploads/72_1746531910.jpg
2025-05-13 20:44:29 - User profile loaded for ID: 72, photo_profil: 72_1746531910.jpg
2025-05-13 20:44:29 - Attempting to display profile picture: ../../uploads/72_1746531910.jpg
2025-05-13 20:44:31 - User profile loaded for ID: 72, photo_profil: 72_1746531910.jpg
2025-05-13 20:44:31 - Attempting to display profile picture: ../../uploads/72_1746531910.jpg
2025-05-13 20:44:32 - User profile loaded for ID: 72, photo_profil: 72_1746531910.jpg
2025-05-13 20:44:32 - Attempting to display profile picture: ../../uploads/72_1746531910.jpg
2025-05-13 20:44:33 - User profile loaded for ID: 72, photo_profil: 72_1746531910.jpg
2025-05-13 20:44:33 - Attempting to display profile picture: ../../uploads/72_1746531910.jpg
2025-05-13 20:44:34 - User profile loaded for ID: 72, photo_profil: 72_1746531910.jpg
2025-05-13 20:44:34 - Attempting to display profile picture: ../../uploads/72_1746531910.jpg
2025-05-13 20:44:36 - User profile loaded for ID: 72, photo_profil: 72_1746531910.jpg
2025-05-13 20:44:36 - Attempting to display profile picture: ../../uploads/72_1746531910.jpg
2025-05-13 20:44:37 - User profile loaded for ID: 72, photo_profil: 72_1746531910.jpg
2025-05-13 20:44:37 - Attempting to display profile picture: ../../uploads/72_1746531910.jpg
2025-05-13 20:44:37 - User profile loaded for ID: 72, photo_profil: 72_1746531910.jpg
2025-05-13 20:44:37 - Attempting to display profile picture: ../../uploads/72_1746531910.jpg
2025-05-13 20:44:38 - User profile loaded for ID: 72, photo_profil: 72_1746531910.jpg
2025-05-13 20:44:38 - Attempting to display profile picture: ../../uploads/72_1746531910.jpg
2025-05-13 20:44:38 - User profile loaded for ID: 72, photo_profil: 72_1746531910.jpg
2025-05-13 20:44:38 - Attempting to display profile picture: ../../uploads/72_1746531910.jpg
2025-05-13 20:44:40 - User profile loaded for ID: 72, photo_profil: 72_1746531910.jpg
2025-05-13 20:44:40 - Attempting to display profile picture: ../../uploads/72_1746531910.jpg
2025-05-13 20:44:40 - User profile loaded for ID: 72, photo_profil: 72_1746531910.jpg
2025-05-13 20:44:40 - Attempting to display profile picture: ../../uploads/72_1746531910.jpg
2025-05-13 20:44:43 - User profile loaded for ID: 72, photo_profil: 72_1746531910.jpg
2025-05-13 20:44:43 - Attempting to display profile picture: ../../uploads/72_1746531910.jpg
2025-05-13 20:44:43 - User profile loaded for ID: 72, photo_profil: 72_1746531910.jpg
2025-05-13 20:44:43 - Attempting to display profile picture: ../../uploads/72_1746531910.jpg
2025-05-13 20:44:50 - User profile loaded for ID: 72, photo_profil: 72_1746531910.jpg
2025-05-13 20:44:50 - Attempting to display profile picture: ../../uploads/72_1746531910.jpg
2025-05-13 20:44:50 - User profile loaded for ID: 72, photo_profil: 72_1746531910.jpg
2025-05-13 20:44:50 - Attempting to display profile picture: ../../uploads/72_1746531910.jpg
2025-05-13 20:44:54 - User profile loaded for ID: 72, photo_profil: 72_1746531910.jpg
2025-05-13 20:44:54 - Attempting to display profile picture: ../../uploads/72_1746531910.jpg
2025-05-13 20:44:54 - User profile loaded for ID: 72, photo_profil: 72_1746531910.jpg
2025-05-13 20:44:54 - Attempting to display profile picture: ../../uploads/72_1746531910.jpg
2025-05-13 20:44:55 - User profile loaded for ID: 72, photo_profil: 72_1746531910.jpg
2025-05-13 20:44:55 - Attempting to display profile picture: ../../uploads/72_1746531910.jpg
2025-05-13 20:44:56 - User profile loaded for ID: 72, photo_profil: 72_1746531910.jpg
2025-05-13 20:44:56 - Attempting to display profile picture: ../../uploads/72_1746531910.jpg
2025-05-13 20:44:56 - User profile loaded for ID: 72, photo_profil: 72_1746531910.jpg
2025-05-13 20:44:56 - Attempting to display profile picture: ../../uploads/72_1746531910.jpg
2025-05-13 20:44:57 - User profile loaded for ID: 72, photo_profil: 72_1746531910.jpg
2025-05-13 20:44:57 - Attempting to display profile picture: ../../uploads/72_1746531910.jpg
2025-05-13 20:45:30 - User profile loaded for ID: 72, photo_profil: 72_1746531910.jpg
2025-05-13 20:45:30 - Attempting to display profile picture: ../../uploads/72_1746531910.jpg
2025-05-13 20:45:31 - User profile loaded for ID: 72, photo_profil: 72_1746531910.jpg
2025-05-13 20:45:31 - Attempting to display profile picture: ../../uploads/72_1746531910.jpg
2025-05-13 20:45:32 - User profile loaded for ID: 72, photo_profil: 72_1746531910.jpg
2025-05-13 20:45:32 - Attempting to display profile picture: ../../uploads/72_1746531910.jpg
2025-05-13 20:45:32 - User profile loaded for ID: 72, photo_profil: 72_1746531910.jpg
2025-05-13 20:45:32 - Attempting to display profile picture: ../../uploads/72_1746531910.jpg
2025-05-13 20:45:33 - User profile loaded for ID: 72, photo_profil: 72_1746531910.jpg
2025-05-13 20:45:33 - Attempting to display profile picture: ../../uploads/72_1746531910.jpg
2025-05-13 20:45:34 - User profile loaded for ID: 72, photo_profil: 72_1746531910.jpg
2025-05-13 20:45:34 - Attempting to display profile picture: ../../uploads/72_1746531910.jpg
2025-05-13 20:45:38 - User profile loaded for ID: 72, photo_profil: 72_1746531910.jpg
2025-05-13 20:45:38 - Attempting to display profile picture: ../../uploads/72_1746531910.jpg
2025-05-13 20:45:39 - User profile loaded for ID: 72, photo_profil: 72_1746531910.jpg
2025-05-13 20:45:39 - Attempting to display profile picture: ../../uploads/72_1746531910.jpg
2025-05-13 20:45:42 - User profile loaded for ID: 72, photo_profil: 72_1746531910.jpg
2025-05-13 20:45:42 - Attempting to display profile picture: ../../uploads/72_1746531910.jpg
2025-05-13 20:45:43 - User profile loaded for ID: 72, photo_profil: 72_1746531910.jpg
2025-05-13 20:45:43 - Attempting to display profile picture: ../../uploads/72_1746531910.jpg
2025-05-13 20:45:44 - User profile loaded for ID: 72, photo_profil: 72_1746531910.jpg
2025-05-13 20:45:44 - Attempting to display profile picture: ../../uploads/72_1746531910.jpg
2025-05-13 20:45:44 - User profile loaded for ID: 72, photo_profil: 72_1746531910.jpg
2025-05-13 20:45:44 - Attempting to display profile picture: ../../uploads/72_1746531910.jpg
2025-05-13 20:45:44 - User profile loaded for ID: 72, photo_profil: 72_1746531910.jpg
2025-05-13 20:45:44 - Attempting to display profile picture: ../../uploads/72_1746531910.jpg
2025-05-13 20:45:45 - User profile loaded for ID: 72, photo_profil: 72_1746531910.jpg
2025-05-13 20:45:45 - Attempting to display profile picture: ../../uploads/72_1746531910.jpg
2025-05-13 20:47:20 - User profile loaded for ID: 72, photo_profil: 72_1746531910.jpg
2025-05-13 20:47:20 - Attempting to display profile picture: ../../uploads/72_1746531910.jpg
2025-05-13 20:47:21 - User profile loaded for ID: 72, photo_profil: 72_1746531910.jpg
2025-05-13 20:47:21 - Attempting to display profile picture: ../../uploads/72_1746531910.jpg
2025-05-13 20:47:22 - User profile loaded for ID: 72, photo_profil: 72_1746531910.jpg
2025-05-13 20:47:22 - Attempting to display profile picture: ../../uploads/72_1746531910.jpg
2025-05-13 20:47:22 - User profile loaded for ID: 72, photo_profil: 72_1746531910.jpg
2025-05-13 20:47:22 - Attempting to display profile picture: ../../uploads/72_1746531910.jpg
2025-05-13 20:47:23 - User profile loaded for ID: 72, photo_profil: 72_1746531910.jpg
2025-05-13 20:47:23 - Attempting to display profile picture: ../../uploads/72_1746531910.jpg
2025-05-13 20:47:23 - User profile loaded for ID: 72, photo_profil: 72_1746531910.jpg
2025-05-13 20:47:23 - Attempting to display profile picture: ../../uploads/72_1746531910.jpg
2025-05-13 20:50:00 - User profile loaded for ID: 72, photo_profil: 72_1746531910.jpg
2025-05-13 20:50:00 - Attempting to display profile picture: ../../uploads/72_1746531910.jpg
2025-05-13 20:50:01 - User profile loaded for ID: 72, photo_profil: 72_1746531910.jpg
2025-05-13 20:50:01 - Attempting to display profile picture: ../../uploads/72_1746531910.jpg
2025-05-13 20:50:03 - User profile loaded for ID: 72, photo_profil: 72_1746531910.jpg
2025-05-13 20:50:03 - Attempting to display profile picture: ../../uploads/72_1746531910.jpg
2025-05-13 20:50:03 - User profile loaded for ID: 72, photo_profil: 72_1746531910.jpg
2025-05-13 20:50:03 - Attempting to display profile picture: ../../uploads/72_1746531910.jpg
2025-05-13 20:50:24 - User profile loaded for ID: 72, photo_profil: 72_1746531910.jpg
2025-05-13 20:50:24 - Attempting to display profile picture: ../../uploads/72_1746531910.jpg
2025-05-13 20:50:25 - User profile loaded for ID: 72, photo_profil: 72_1746531910.jpg
2025-05-13 20:50:25 - Attempting to display profile picture: ../../uploads/72_1746531910.jpg
2025-05-13 20:50:26 - User profile loaded for ID: 72, photo_profil: 72_1746531910.jpg
2025-05-13 20:50:26 - Attempting to display profile picture: ../../uploads/72_1746531910.jpg
2025-05-13 20:50:26 - User profile loaded for ID: 72, photo_profil: 72_1746531910.jpg
2025-05-13 20:50:26 - Attempting to display profile picture: ../../uploads/72_1746531910.jpg
2025-05-13 20:50:26 - User profile loaded for ID: 72, photo_profil: 72_1746531910.jpg
2025-05-13 20:50:26 - Attempting to display profile picture: ../../uploads/72_1746531910.jpg
2025-05-13 20:50:27 - User profile loaded for ID: 72, photo_profil: 72_1746531910.jpg
2025-05-13 20:50:27 - Attempting to display profile picture: ../../uploads/72_1746531910.jpg
2025-05-13 20:52:11 - User profile loaded for ID: 72, photo_profil: 72_1746531910.jpg
2025-05-13 20:52:11 - Attempting to display profile picture: ../../uploads/72_1746531910.jpg
2025-05-13 20:52:12 - User profile loaded for ID: 72, photo_profil: 72_1746531910.jpg
2025-05-13 20:52:12 - Attempting to display profile picture: ../../uploads/72_1746531910.jpg
2025-05-13 20:52:13 - User profile loaded for ID: 72, photo_profil: 72_1746531910.jpg
2025-05-13 20:52:13 - Attempting to display profile picture: ../../uploads/72_1746531910.jpg
2025-05-13 20:52:14 - User profile loaded for ID: 72, photo_profil: 72_1746531910.jpg
2025-05-13 20:52:14 - Attempting to display profile picture: ../../uploads/72_1746531910.jpg
2025-05-13 20:52:14 - User profile loaded for ID: 72, photo_profil: 72_1746531910.jpg
2025-05-13 20:52:14 - Attempting to display profile picture: ../../uploads/72_1746531910.jpg
2025-05-13 20:52:14 - User profile loaded for ID: 72, photo_profil: 72_1746531910.jpg
2025-05-13 20:52:14 - Attempting to display profile picture: ../../uploads/72_1746531910.jpg
2025-05-13 20:52:17 - User profile loaded for ID: 72, photo_profil: 72_1746531910.jpg
2025-05-13 20:52:17 - Attempting to display profile picture: ../../uploads/72_1746531910.jpg
2025-05-13 20:52:18 - User profile loaded for ID: 72, photo_profil: 72_1746531910.jpg
2025-05-13 20:52:18 - Attempting to display profile picture: ../../uploads/72_1746531910.jpg
2025-05-13 20:52:21 - User profile loaded for ID: 72, photo_profil: 72_1746531910.jpg
2025-05-13 20:52:21 - Attempting to display profile picture: ../../uploads/72_1746531910.jpg
2025-05-13 20:52:22 - User profile loaded for ID: 72, photo_profil: 72_1746531910.jpg
2025-05-13 20:52:22 - Attempting to display profile picture: ../../uploads/72_1746531910.jpg
2025-05-13 20:52:22 - User profile loaded for ID: 72, photo_profil: 72_1746531910.jpg
2025-05-13 20:52:22 - Attempting to display profile picture: ../../uploads/72_1746531910.jpg
2025-05-13 20:52:23 - User profile loaded for ID: 72, photo_profil: 72_1746531910.jpg
2025-05-13 20:52:23 - Attempting to display profile picture: ../../uploads/72_1746531910.jpg
2025-05-13 20:55:08 - User profile loaded for ID: 72, photo_profil: 72_1746531910.jpg
2025-05-13 20:55:08 - Attempting to display profile picture: ../../uploads/72_1746531910.jpg
2025-05-13 20:55:08 - User profile loaded for ID: 72, photo_profil: 72_1746531910.jpg
2025-05-13 20:55:08 - Attempting to display profile picture: ../../uploads/72_1746531910.jpg
2025-05-13 20:55:44 - User profile loaded for ID: 72, photo_profil: 72_1746531910.jpg
2025-05-13 20:55:44 - Attempting to display profile picture: ../../uploads/72_1746531910.jpg
2025-05-13 20:55:44 - User profile loaded for ID: 72, photo_profil: 72_1746531910.jpg
2025-05-13 20:55:44 - Attempting to display profile picture: ../../uploads/72_1746531910.jpg
2025-05-13 20:55:49 - User profile loaded for ID: 72, photo_profil: 72_1746531910.jpg
2025-05-13 20:55:49 - Attempting to display profile picture: ../../uploads/72_1746531910.jpg
2025-05-13 20:55:50 - User profile loaded for ID: 72, photo_profil: 72_1746531910.jpg
2025-05-13 20:55:50 - Attempting to display profile picture: ../../uploads/72_1746531910.jpg
2025-05-13 20:55:50 - User profile loaded for ID: 72, photo_profil: 72_1746531910.jpg
2025-05-13 20:55:50 - Attempting to display profile picture: ../../uploads/72_1746531910.jpg
2025-05-13 20:55:51 - User profile loaded for ID: 72, photo_profil: 72_1746531910.jpg
2025-05-13 20:55:51 - Attempting to display profile picture: ../../uploads/72_1746531910.jpg
2025-05-13 20:55:51 - User profile loaded for ID: 72, photo_profil: 72_1746531910.jpg
2025-05-13 20:55:51 - Attempting to display profile picture: ../../uploads/72_1746531910.jpg
2025-05-13 20:55:52 - User profile loaded for ID: 72, photo_profil: 72_1746531910.jpg
2025-05-13 20:55:52 - Attempting to display profile picture: ../../uploads/72_1746531910.jpg
2025-05-13 20:55:57 - User profile loaded for ID: 72, photo_profil: 72_1746531910.jpg
2025-05-13 20:55:57 - Attempting to display profile picture: ../../uploads/72_1746531910.jpg
2025-05-13 20:55:57 - User profile loaded for ID: 72, photo_profil: 72_1746531910.jpg
2025-05-13 20:55:57 - Attempting to display profile picture: ../../uploads/72_1746531910.jpg
2025-05-13 20:56:42 - User profile loaded for ID: 72, photo_profil: 72_1746531910.jpg
2025-05-13 20:56:42 - Attempting to display profile picture: ../../uploads/72_1746531910.jpg
2025-05-13 20:56:43 - User profile loaded for ID: 72, photo_profil: 72_1746531910.jpg
2025-05-13 20:56:43 - Attempting to display profile picture: ../../uploads/72_1746531910.jpg
2025-05-13 20:56:45 - User profile loaded for ID: 72, photo_profil: 72_1746531910.jpg
2025-05-13 20:56:45 - Attempting to display profile picture: ../../uploads/72_1746531910.jpg
2025-05-13 20:56:46 - User profile loaded for ID: 72, photo_profil: 72_1746531910.jpg
2025-05-13 20:56:46 - Attempting to display profile picture: ../../uploads/72_1746531910.jpg
2025-05-13 20:57:41 - User profile loaded for ID: 72, photo_profil: 72_1746531910.jpg
2025-05-13 20:57:41 - Attempting to display profile picture: ../../uploads/72_1746531910.jpg
2025-05-13 20:57:41 - User profile loaded for ID: 72, photo_profil: 72_1746531910.jpg
2025-05-13 20:57:41 - Attempting to display profile picture: ../../uploads/72_1746531910.jpg
2025-05-13 20:57:45 - User profile loaded for ID: 72, photo_profil: 72_1746531910.jpg
2025-05-13 20:57:45 - Attempting to display profile picture: ../../uploads/72_1746531910.jpg
2025-05-13 20:57:45 - User profile loaded for ID: 72, photo_profil: 72_1746531910.jpg
2025-05-13 20:57:45 - Attempting to display profile picture: ../../uploads/72_1746531910.jpg
2025-05-13 21:00:21 - User profile loaded for ID: 72, photo_profil: 72_1746531910.jpg
2025-05-13 21:00:21 - Attempting to display profile picture: ../../uploads/72_1746531910.jpg
2025-05-13 21:00:21 - User profile loaded for ID: 72, photo_profil: 72_1746531910.jpg
2025-05-13 21:00:21 - Attempting to display profile picture: ../../uploads/72_1746531910.jpg
2025-05-13 21:00:27 - User profile loaded for ID: 72, photo_profil: 72_1746531910.jpg
2025-05-13 21:00:27 - Attempting to display profile picture: ../../uploads/72_1746531910.jpg
2025-05-13 21:00:28 - User profile loaded for ID: 72, photo_profil: 72_1746531910.jpg
2025-05-13 21:00:28 - Attempting to display profile picture: ../../uploads/72_1746531910.jpg
2025-05-13 21:00:30 - User profile loaded for ID: 72, photo_profil: 72_1746531910.jpg
2025-05-13 21:00:30 - Attempting to display profile picture: ../../uploads/72_1746531910.jpg
2025-05-13 21:00:31 - User profile loaded for ID: 72, photo_profil: 72_1746531910.jpg
2025-05-13 21:00:31 - Attempting to display profile picture: ../../uploads/72_1746531910.jpg
2025-05-13 21:00:35 - User profile loaded for ID: 72, photo_profil: 72_1746531910.jpg
2025-05-13 21:00:35 - Attempting to display profile picture: ../../uploads/72_1746531910.jpg
2025-05-13 21:00:35 - User profile loaded for ID: 72, photo_profil: 72_1746531910.jpg
2025-05-13 21:00:35 - Attempting to display profile picture: ../../uploads/72_1746531910.jpg
2025-05-13 21:00:55 - User profile loaded for ID: 83, photo_profil: 83_1747057468.jpg
2025-05-13 21:00:55 - Attempting to display profile picture: ../../uploads/83_1747057468.jpg
2025-05-13 21:00:55 - User profile loaded for ID: 83, photo_profil: 83_1747057468.jpg
2025-05-13 21:00:55 - Attempting to display profile picture: ../../uploads/83_1747057468.jpg
2025-05-13 21:02:41 - User profile loaded for ID: 83, photo_profil: 83_1747057468.jpg
2025-05-13 21:02:41 - Attempting to display profile picture: ../../uploads/83_1747057468.jpg
2025-05-13 21:02:42 - User profile loaded for ID: 83, photo_profil: 83_1747057468.jpg
2025-05-13 21:02:42 - Attempting to display profile picture: ../../uploads/83_1747057468.jpg
2025-05-13 21:08:31 - User profile loaded for ID: 83, photo_profil: 83_1747057468.jpg
2025-05-13 21:08:31 - Attempting to display profile picture: ../../uploads/83_1747057468.jpg
2025-05-13 21:08:31 - User profile loaded for ID: 83, photo_profil: 83_1747057468.jpg
2025-05-13 21:08:31 - Attempting to display profile picture: ../../uploads/83_1747057468.jpg
2025-05-13 21:11:23 - User profile loaded for ID: 83, photo_profil: 83_1747057468.jpg
2025-05-13 21:11:23 - Attempting to display profile picture: ../../uploads/83_1747057468.jpg
2025-05-13 21:11:24 - User profile loaded for ID: 83, photo_profil: 83_1747057468.jpg
2025-05-13 21:11:24 - Attempting to display profile picture: ../../uploads/83_1747057468.jpg
2025-05-13 21:11:41 - User profile loaded for ID: 83, photo_profil: 83_1747057468.jpg
2025-05-13 21:11:41 - Attempting to display profile picture: ../../uploads/83_1747057468.jpg
2025-05-13 21:11:41 - User profile loaded for ID: 83, photo_profil: 83_1747057468.jpg
2025-05-13 21:11:41 - Attempting to display profile picture: ../../uploads/83_1747057468.jpg
2025-05-13 21:14:41 - User profile loaded for ID: 83, photo_profil: 83_1747057468.jpg
2025-05-13 21:14:41 - Attempting to display profile picture: ../../uploads/83_1747057468.jpg
2025-05-13 21:14:42 - User profile loaded for ID: 83, photo_profil: 83_1747057468.jpg
2025-05-13 21:14:42 - Attempting to display profile picture: ../../uploads/83_1747057468.jpg
2025-05-13 21:15:21 - User profile loaded for ID: 83, photo_profil: 83_1747057468.jpg
2025-05-13 21:15:21 - Attempting to display profile picture: ../../uploads/83_1747057468.jpg
2025-05-13 21:15:21 - User profile loaded for ID: 83, photo_profil: 83_1747057468.jpg
2025-05-13 21:15:21 - Attempting to display profile picture: ../../uploads/83_1747057468.jpg
2025-05-13 21:17:13 - User profile loaded for ID: 83, photo_profil: 83_1747057468.jpg
2025-05-13 21:17:13 - Attempting to display profile picture: ../../uploads/83_1747057468.jpg
2025-05-13 21:17:14 - User profile loaded for ID: 83, photo_profil: 83_1747057468.jpg
2025-05-13 21:17:14 - Attempting to display profile picture: ../../uploads/83_1747057468.jpg
2025-05-13 21:17:17 - User profile loaded for ID: 83, photo_profil: 83_1747057468.jpg
2025-05-13 21:17:17 - Attempting to display profile picture: ../../uploads/83_1747057468.jpg
2025-05-13 21:17:17 - User profile loaded for ID: 83, photo_profil: 83_1747057468.jpg
2025-05-13 21:17:17 - Attempting to display profile picture: ../../uploads/83_1747057468.jpg
2025-05-13 21:18:43 - User profile loaded for ID: 72, photo_profil: 72_1746531910.jpg
2025-05-13 21:18:43 - Attempting to display profile picture: ../../uploads/72_1746531910.jpg
2025-05-13 21:18:44 - User profile loaded for ID: 72, photo_profil: 72_1746531910.jpg
2025-05-13 21:18:44 - Attempting to display profile picture: ../../uploads/72_1746531910.jpg
2025-05-13 21:18:47 - User profile loaded for ID: 72, photo_profil: 72_1746531910.jpg
2025-05-13 21:18:47 - Attempting to display profile picture: ../../uploads/72_1746531910.jpg
2025-05-13 21:18:47 - User profile loaded for ID: 72, photo_profil: 72_1746531910.jpg
2025-05-13 21:18:47 - Attempting to display profile picture: ../../uploads/72_1746531910.jpg
2025-05-13 21:18:50 - User profile loaded for ID: 72, photo_profil: 72_1746531910.jpg
2025-05-13 21:18:50 - Attempting to display profile picture: ../../uploads/72_1746531910.jpg
2025-05-13 21:18:50 - User profile loaded for ID: 72, photo_profil: 72_1746531910.jpg
2025-05-13 21:18:50 - Attempting to display profile picture: ../../uploads/72_1746531910.jpg
2025-05-13 21:19:30 - User profile loaded for ID: 72, photo_profil: 72_1746531910.jpg
2025-05-13 21:19:30 - Attempting to display profile picture: ../../uploads/72_1746531910.jpg
2025-05-13 21:19:30 - User profile loaded for ID: 72, photo_profil: 72_1746531910.jpg
2025-05-13 21:19:30 - Attempting to display profile picture: ../../uploads/72_1746531910.jpg
2025-05-13 21:23:16 - User profile loaded for ID: 72, photo_profil: 72_1746531910.jpg
2025-05-13 21:23:16 - Attempting to display profile picture: ../../uploads/72_1746531910.jpg
2025-05-13 21:23:17 - User profile loaded for ID: 72, photo_profil: 72_1746531910.jpg
2025-05-13 21:23:17 - Attempting to display profile picture: ../../uploads/72_1746531910.jpg
2025-05-13 21:23:44 - User profile loaded for ID: 83, photo_profil: 83_1747057468.jpg
2025-05-13 21:23:44 - Attempting to display profile picture: ../../uploads/83_1747057468.jpg
2025-05-13 21:23:45 - User profile loaded for ID: 83, photo_profil: 83_1747057468.jpg
2025-05-13 21:23:45 - Attempting to display profile picture: ../../uploads/83_1747057468.jpg
2025-05-13 21:23:52 - User profile loaded for ID: 83, photo_profil: 83_1747057468.jpg
2025-05-13 21:23:52 - Attempting to display profile picture: ../../uploads/83_1747057468.jpg
2025-05-13 21:29:22 - User profile loaded for ID: 83, photo_profil: 83_1747057468.jpg
2025-05-13 21:29:22 - Attempting to display profile picture: ../../uploads/83_1747057468.jpg
2025-05-13 21:29:23 - User profile loaded for ID: 83, photo_profil: 83_1747057468.jpg
2025-05-13 21:29:23 - Attempting to display profile picture: ../../uploads/83_1747057468.jpg
2025-05-13 21:29:46 - User profile loaded for ID: 83, photo_profil: 83_1747057468.jpg
2025-05-13 21:29:46 - Attempting to display profile picture: ../../uploads/83_1747057468.jpg
2025-05-13 21:29:47 - User profile loaded for ID: 83, photo_profil: 83_1747057468.jpg
2025-05-13 21:29:47 - Attempting to display profile picture: ../../uploads/83_1747057468.jpg
2025-05-13 21:33:51 - User profile loaded for ID: 83, photo_profil: 83_1747057468.jpg
2025-05-13 21:33:51 - Attempting to display profile picture: ../../uploads/83_1747057468.jpg
2025-05-13 21:33:52 - User profile loaded for ID: 83, photo_profil: 83_1747057468.jpg
2025-05-13 21:33:52 - Attempting to display profile picture: ../../uploads/83_1747057468.jpg
2025-05-13 21:34:20 - User profile loaded for ID: 83, photo_profil: 83_1747057468.jpg
2025-05-13 21:34:20 - Attempting to display profile picture: ../../uploads/83_1747057468.jpg
2025-05-13 21:34:20 - User profile loaded for ID: 83, photo_profil: 83_1747057468.jpg
2025-05-13 21:34:20 - Attempting to display profile picture: ../../uploads/83_1747057468.jpg
2025-05-13 21:36:26 - User profile loaded for ID: 83, photo_profil: 83_1747057468.jpg
2025-05-13 21:36:26 - Attempting to display profile picture: ../../uploads/83_1747057468.jpg
2025-05-13 21:36:26 - User profile loaded for ID: 83, photo_profil: 83_1747057468.jpg
2025-05-13 21:36:26 - Attempting to display profile picture: ../../uploads/83_1747057468.jpg
2025-05-13 21:38:21 - User profile loaded for ID: 83, photo_profil: 83_1747057468.jpg
2025-05-13 21:38:21 - Attempting to display profile picture: ../../uploads/83_1747057468.jpg
2025-05-13 21:38:22 - User profile loaded for ID: 83, photo_profil: 83_1747057468.jpg
2025-05-13 21:38:22 - Attempting to display profile picture: ../../uploads/83_1747057468.jpg
2025-05-13 21:38:32 - User profile loaded for ID: 83, photo_profil: 83_1747057468.jpg
2025-05-13 21:38:32 - Attempting to display profile picture: ../../uploads/83_1747057468.jpg
2025-05-13 21:38:33 - User profile loaded for ID: 83, photo_profil: 83_1747057468.jpg
2025-05-13 21:38:33 - Attempting to display profile picture: ../../uploads/83_1747057468.jpg
2025-05-13 21:39:16 - User profile loaded for ID: 83, photo_profil: 83_1747057468.jpg
2025-05-13 21:39:16 - Attempting to display profile picture: ../../uploads/83_1747057468.jpg
2025-05-13 21:39:17 - User profile loaded for ID: 83, photo_profil: 83_1747057468.jpg
2025-05-13 21:39:17 - Attempting to display profile picture: ../../uploads/83_1747057468.jpg
2025-05-13 21:39:36 - User profile loaded for ID: 83, photo_profil: 83_1747057468.jpg
2025-05-13 21:39:36 - Attempting to display profile picture: ../../uploads/83_1747057468.jpg
2025-05-13 21:39:37 - User profile loaded for ID: 83, photo_profil: 83_1747057468.jpg
2025-05-13 21:39:37 - Attempting to display profile picture: ../../uploads/83_1747057468.jpg
2025-05-13 21:39:41 - User profile loaded for ID: 83, photo_profil: 83_1747057468.jpg
2025-05-13 21:39:41 - Attempting to display profile picture: ../../uploads/83_1747057468.jpg
2025-05-13 21:39:42 - User profile loaded for ID: 83, photo_profil: 83_1747057468.jpg
2025-05-13 21:39:42 - Attempting to display profile picture: ../../uploads/83_1747057468.jpg
2025-05-13 21:40:40 - User profile loaded for ID: 83, photo_profil: 83_1747057468.jpg
2025-05-13 21:40:40 - Attempting to display profile picture: ../../uploads/83_1747057468.jpg
2025-05-13 21:40:41 - User profile loaded for ID: 83, photo_profil: 83_1747057468.jpg
2025-05-13 21:40:41 - Attempting to display profile picture: ../../uploads/83_1747057468.jpg
2025-05-13 21:44:58 - User profile loaded for ID: 83, photo_profil: 83_1747057468.jpg
2025-05-13 21:44:58 - Attempting to display profile picture: ../../uploads/83_1747057468.jpg
2025-05-13 21:44:59 - User profile loaded for ID: 83, photo_profil: 83_1747057468.jpg
2025-05-13 21:44:59 - Attempting to display profile picture: ../../uploads/83_1747057468.jpg
2025-05-13 21:48:05 - User profile loaded for ID: 83, photo_profil: 83_1747057468.jpg
2025-05-13 21:48:05 - Attempting to display profile picture: ../../uploads/83_1747057468.jpg
2025-05-13 21:48:06 - User profile loaded for ID: 83, photo_profil: 83_1747057468.jpg
2025-05-13 21:48:06 - Attempting to display profile picture: ../../uploads/83_1747057468.jpg
2025-05-13 21:48:11 - User profile loaded for ID: 83, photo_profil: 83_1747057468.jpg
2025-05-13 21:48:11 - Attempting to display profile picture: ../../uploads/83_1747057468.jpg
2025-05-13 21:48:12 - User profile loaded for ID: 83, photo_profil: 83_1747057468.jpg
2025-05-13 21:48:12 - Attempting to display profile picture: ../../uploads/83_1747057468.jpg
2025-05-13 21:48:19 - User profile loaded for ID: 83, photo_profil: 83_1747057468.jpg
2025-05-13 21:48:19 - Attempting to display profile picture: ../../uploads/83_1747057468.jpg
2025-05-13 21:48:19 - User profile loaded for ID: 83, photo_profil: 83_1747057468.jpg
2025-05-13 21:48:19 - Attempting to display profile picture: ../../uploads/83_1747057468.jpg
2025-05-13 21:48:59 - User profile loaded for ID: 83, photo_profil: 83_1747057468.jpg
2025-05-13 21:48:59 - Attempting to display profile picture: ../../uploads/83_1747057468.jpg
2025-05-13 21:48:59 - User profile loaded for ID: 83, photo_profil: 83_1747057468.jpg
2025-05-13 21:48:59 - Attempting to display profile picture: ../../uploads/83_1747057468.jpg
2025-05-13 21:52:53 - Starting registration process
2025-05-13 21:52:53 - CSRF token in session: 65d7c7cfd2e8f76064a8de1cde42a634c412754e764285280e4bbf6ce4559d80
2025-05-13 21:52:53 - CSRF token from POST: 65d7c7cfd2e8f76064a8de1cde42a634c412754e764285280e4bbf6ce4559d80
2025-05-13 21:52:53 - CSRF token validated successfully
2025-05-13 21:52:53 - reCAPTCHA response received: 03AFcWeA7_8HmKZFZfGDGb-1vKGQ0cGwExa6ts3U4g6wGiIghj4AJDfray5uLGyVCYgQyv_QzH9_41tQdXeUobNzv3t4fQoX7CAMN1RD2sxxpIJapbdvaOWzkaWyUjilXYhF67JY7-tOMbXp01RriwzI66RN9AD10Jq_JKaV0PtoeDe-e_UlEw5nnFVsyKzto3HBP095OV3tDPK1bDNAD0_39hyMNqEc097vywJiPm64YUP8b43HNJUemcwc5_A7iqzxoaMrXRljIJYdirDDwOV1Laj8RgIndzdDhv7qkSUqMt75FMvs5-EG5Nwz3eN3qLs8sEE33qZ4n4G99Zl5b18R1O4p9OXIBtAm_zNh0obhnoVPWnAHLK_DCZX8SVpE8alWJTAgPMmnnJTipS9nsviQRb0qKDpelVui7gAIRbfJp5qoI0ufcPtQ-fzCWgoH8VJdeBonEri7TeSE9upxFJSyKWMYkBkigRH1mBFnat7Pglhr88Ln7Jz0l10-x8CXh26f5EqPB-Wsvg-1uu3UuJcc2NfjqTfsn5fR4ZrMtd9VsAxhROg0F2hSMGT1uVtXuVc3tbjFtvVSC9T_RAEYFBllRKOOLYr_KOEISzLj8P7kvyJPtfFRF7zHw5WjqHIysHICnmGuifE8YebTjclflCkn2Jrkkz0dbTxNLEXAsvpZipVjJCk91NMCfrDBfk16GrSPqc4He3U7dFQ0wxXqb4O-H1SAwW0eagjmzHAFN5q3w4dtNAY1x_qv8ma-K0LmzEkJbeQgQS4K_jisTg5dfpe5Mj62pbdy4CxHANaAOadzv5LKCFEvAeKL3jLvr8-Z0YYTZmEVCYdrWniwpSP1yWOrJJBbRgQ0uSJiBF13jyf2yDh6LfA5gApq-cLkCn7knqpCJd8q8Ty6U5_j-PsvHsp5qR5YY-AdrYL4w3dmLFV_9th6Sp2sSc57tYJJCjjoR7cAnx-FHwVUvW4LJUBcAKESU2U4c2rtyEBprD-jxP0lnBBn_4jjMbJ9mxX_sLQ0avLvqQ3HpD-XNb-alp2sAp-21Ue-0Kd0G7kuggNxUDVLiUAjumtxFrwQDd-Mio06f_64lAjN1IBhwc1tx1OiGed6LAHhUm9gFrcnDsU_hNhgu2MY2TtcbDw_nJgPxX5YzYt46SLsY291hF6Dgx2O8xhfi2QU0XjOU0CG35KyfbCUTpgZNWSukd06Jt638UNqlEEriZlZ7dQ6rv0y-4MGGK76gCQMUCI7MAlVhqetOeElObZmcsKvlRKCTTfFxBO2KYUwgehVjqR1c1eF9J8hybXcGNcCi19kcDoaWduMk4LeNbQyJHl8bc769obxYEvKKt51w4nHlAdaBlo1gGQrVIdYzNrsh1MafPf46ArN9-aCZECb9LpQyKyY7cviIcJplgUSzYJJoo69Wgbg0fdNMmrgMBpppxMYOmbN1KRJ4dE_bXUXZdPV7HWsrpnbLogUEjD1xzdggfSPL7-EOcmU1knIPPtxKDGX_nUwh7wGmW0Rn59oTpb5rho5peK38FpJ3EI4nDu89TaQ28MXcqXPvPF9lGhKkDKAGTi-FzVDQLwyOdTzTdzPBcp02mwf8N5GmypeoqK_B51D4wtVTE_MSqTGawK4szZL5sDyM7NHcvMCCPOMcQuIdQ4JQcIqB2DyyQa8U10yPg0LaSbm6fZ_O5PVWYqGxKLBrsgrO0FzWG0z0-OopvjPDapmqIV2QSvoQkBONJHdBTC5HtjDFYNVVqrRSmsgH1jUIQuvsBxctfRK7vPuBYBEsLMyvGjdjSV8wj703gPOX-M-EP7CnoNXOSzGiDAzdbgmM_pg3B9cBFDR0m_uCtrgygfS_Q3q3G7APVG3r4-pBdjLCbj5dEOWLNe0YvAZNP8QTDGxxUmzJdtF1PcakDILuNBWVJQDbbUavMfVy4nzIArgkz4KD4lAdYSa27WeCwRgck6bEL3He5C8LEjRmLF2m_4RzvGMQAh2p_Pc0EVdgPQX6upYZq5-B5PRyhdKwfMItx7-igkLIn9nLjueU5AKW9UupcWwgrSkZsCx3gU2EkecqHjTGfvu5K32E3-C-ms1BGlrEC8vrLwk_4-BjgxqTAIw1ZiCorCFC_op9oq1KVBM6mGall5VfCMrWiK5xuoMxgMRyQd2pL8IDXwVBljkWQYa4RcghGM8QWwee2nyEPDQVPJAqmK-X2jSztY5PITPefiTTxHzykqWomKGyEQ2viTHbzDADBhi9EYUBiUZghCBKw74wAKzrjzNtdU6OSF3ygn2K3gi6H3rRc9a4b5u46dBR-sXPBCiVkEYXcLBRa1A7K5KDfp7Ft3nAxmzSbAXv29Q
2025-05-13 21:52:54 - reCAPTCHA server response: {"success":true,"challenge_ts":"2025-05-13T19:52:04Z","hostname":"localhost"}
2025-05-13 21:52:54 - reCAPTCHA verified successfully
2025-05-13 21:52:54 - Fields validated successfully
2025-05-13 21:52:54 - Email validated, proceeding to registration
2025-05-13 21:52:54 - Attempting to add user: nom=chakroun, email=chakrounnermine@gmail.com
2025-05-13 21:52:54 - User added with ID: 87
2025-05-13 21:52:54 - Transaction committed
2025-05-13 21:52:54 - Registration completed successfully with welcome message: Get ready to innovate, nermine! We're excited to have you on board at InnoConnect. Explore your new features and shape the future!
2025-05-13 21:53:15 - User profile loaded for ID: 87, photo_profil: NULL
2025-05-13 21:53:15 - No photo_profil set for user ID: 87
2025-05-13 21:53:16 - User profile loaded for ID: 87, photo_profil: NULL
2025-05-13 21:53:16 - No photo_profil set for user ID: 87
2025-05-13 21:53:26 - User profile loaded for ID: 87, photo_profil: NULL
2025-05-13 21:53:26 - No photo_profil set for user ID: 87
2025-05-13 21:53:26 - User profile loaded for ID: 87, photo_profil: NULL
2025-05-13 21:53:26 - No photo_profil set for user ID: 87
2025-05-13 21:54:05 - User profile loaded for ID: 87, photo_profil: NULL
2025-05-13 21:54:05 - No photo_profil set for user ID: 87
2025-05-13 21:54:06 - User profile loaded for ID: 87, photo_profil: NULL
2025-05-13 21:54:06 - No photo_profil set for user ID: 87
2025-05-13 21:57:59 - User profile loaded for ID: 87, photo_profil: NULL
2025-05-13 21:57:59 - No photo_profil set for user ID: 87
2025-05-13 21:58:00 - User profile loaded for ID: 87, photo_profil: NULL
2025-05-13 21:58:00 - No photo_profil set for user ID: 87
2025-05-13 21:59:05 - User profile loaded for ID: 87, photo_profil: NULL
2025-05-13 21:59:05 - No photo_profil set for user ID: 87
2025-05-13 21:59:05 - User profile loaded for ID: 87, photo_profil: NULL
2025-05-13 21:59:05 - No photo_profil set for user ID: 87
2025-05-13 21:59:24 - User profile loaded for ID: 87, photo_profil: NULL
2025-05-13 21:59:24 - No photo_profil set for user ID: 87
2025-05-13 21:59:24 - User profile loaded for ID: 87, photo_profil: NULL
2025-05-13 21:59:24 - No photo_profil set for user ID: 87
2025-05-13 22:03:30 - User profile loaded for ID: 87, photo_profil: NULL
2025-05-13 22:03:30 - No photo_profil set for user ID: 87
2025-05-13 22:03:31 - User profile loaded for ID: 87, photo_profil: NULL
2025-05-13 22:03:31 - No photo_profil set for user ID: 87
2025-05-13 22:08:31 - User profile loaded for ID: 87, photo_profil: NULL
2025-05-13 22:08:31 - No photo_profil set for user ID: 87
2025-05-13 22:08:32 - User profile loaded for ID: 87, photo_profil: NULL
2025-05-13 22:08:32 - No photo_profil set for user ID: 87
2025-05-13 22:08:36 - User profile loaded for ID: 87, photo_profil: NULL
2025-05-13 22:08:36 - No photo_profil set for user ID: 87
2025-05-13 22:08:37 - User profile loaded for ID: 87, photo_profil: NULL
2025-05-13 22:08:37 - No photo_profil set for user ID: 87
2025-05-13 22:09:10 - User profile loaded for ID: 87, photo_profil: NULL
2025-05-13 22:09:10 - No photo_profil set for user ID: 87
2025-05-13 22:09:11 - User profile loaded for ID: 87, photo_profil: NULL
2025-05-13 22:09:11 - No photo_profil set for user ID: 87
2025-05-13 22:10:02 - User profile loaded for ID: 87, photo_profil: NULL
2025-05-13 22:10:02 - No photo_profil set for user ID: 87
2025-05-13 22:10:02 - User profile loaded for ID: 87, photo_profil: NULL
2025-05-13 22:10:02 - No photo_profil set for user ID: 87
2025-05-13 22:10:06 - User profile loaded for ID: 87, photo_profil: NULL
2025-05-13 22:10:06 - No photo_profil set for user ID: 87
2025-05-13 22:10:06 - User profile loaded for ID: 87, photo_profil: NULL
2025-05-13 22:10:06 - No photo_profil set for user ID: 87
2025-05-13 22:10:24 - User profile loaded for ID: 87, photo_profil: NULL
2025-05-13 22:10:24 - No photo_profil set for user ID: 87
2025-05-13 22:10:24 - User profile loaded for ID: 87, photo_profil: NULL
2025-05-13 22:10:24 - No photo_profil set for user ID: 87
2025-05-13 22:10:36 - User profile loaded for ID: 87, photo_profil: NULL
2025-05-13 22:10:36 - No photo_profil set for user ID: 87
2025-05-13 22:10:37 - User profile loaded for ID: 87, photo_profil: NULL
2025-05-13 22:10:37 - No photo_profil set for user ID: 87
2025-05-13 22:10:41 - User profile loaded for ID: 87, photo_profil: NULL
2025-05-13 22:10:41 - No photo_profil set for user ID: 87
2025-05-13 22:10:42 - User profile loaded for ID: 87, photo_profil: NULL
2025-05-13 22:10:42 - No photo_profil set for user ID: 87
2025-05-13 22:13:57 - User profile loaded for ID: 72, photo_profil: 72_1746531910.jpg
2025-05-13 22:13:57 - Attempting to display profile picture: ../../uploads/72_1746531910.jpg
2025-05-13 22:13:57 - User profile loaded for ID: 72, photo_profil: 72_1746531910.jpg
2025-05-13 22:13:57 - Attempting to display profile picture: ../../uploads/72_1746531910.jpg
2025-05-13 22:14:02 - User profile loaded for ID: 72, photo_profil: 72_1746531910.jpg
2025-05-13 22:14:02 - Attempting to display profile picture: ../../uploads/72_1746531910.jpg
2025-05-13 22:14:03 - User profile loaded for ID: 72, photo_profil: 72_1746531910.jpg
2025-05-13 22:14:03 - Attempting to display profile picture: ../../uploads/72_1746531910.jpg
2025-05-13 22:15:30 - User profile loaded for ID: 72, photo_profil: 72_1746531910.jpg
2025-05-13 22:15:30 - Attempting to display profile picture: ../../uploads/72_1746531910.jpg
2025-05-13 22:15:30 - User profile loaded for ID: 72, photo_profil: 72_1746531910.jpg
2025-05-13 22:15:30 - Attempting to display profile picture: ../../uploads/72_1746531910.jpg
2025-05-13 22:15:39 - User profile loaded for ID: 87, photo_profil: NULL
2025-05-13 22:15:39 - No photo_profil set for user ID: 87
2025-05-13 22:15:40 - User profile loaded for ID: 87, photo_profil: NULL
2025-05-13 22:15:40 - No photo_profil set for user ID: 87
2025-05-13 22:15:45 - User profile loaded for ID: 87, photo_profil: NULL
2025-05-13 22:15:45 - No photo_profil set for user ID: 87
2025-05-13 22:15:45 - User profile loaded for ID: 87, photo_profil: NULL
2025-05-13 22:15:45 - No photo_profil set for user ID: 87
2025-05-13 22:16:21 - User profile loaded for ID: 72, photo_profil: 72_1746531910.jpg
2025-05-13 22:16:21 - Attempting to display profile picture: ../../uploads/72_1746531910.jpg
2025-05-13 22:16:21 - User profile loaded for ID: 72, photo_profil: 72_1746531910.jpg
2025-05-13 22:16:21 - Attempting to display profile picture: ../../uploads/72_1746531910.jpg
2025-05-13 22:23:04 - User profile loaded for ID: 87, photo_profil: NULL
2025-05-13 22:23:04 - No photo_profil set for user ID: 87
2025-05-13 22:23:04 - User profile loaded for ID: 87, photo_profil: NULL
2025-05-13 22:23:04 - No photo_profil set for user ID: 87
2025-05-13 22:23:13 - User profile loaded for ID: 87, photo_profil: NULL
2025-05-13 22:23:13 - No photo_profil set for user ID: 87
2025-05-13 22:23:13 - User profile loaded for ID: 87, photo_profil: NULL
2025-05-13 22:23:13 - No photo_profil set for user ID: 87
2025-05-13 22:23:37 - User profile loaded for ID: 83, photo_profil: 83_1747057468.jpg
2025-05-13 22:23:37 - Attempting to display profile picture: ../../uploads/83_1747057468.jpg
2025-05-13 22:23:37 - User profile loaded for ID: 83, photo_profil: 83_1747057468.jpg
2025-05-13 22:23:37 - Attempting to display profile picture: ../../uploads/83_1747057468.jpg
2025-05-13 22:23:51 - User profile loaded for ID: 83, photo_profil: 83_1747057468.jpg
2025-05-13 22:23:51 - Attempting to display profile picture: ../../uploads/83_1747057468.jpg
2025-05-13 22:23:51 - User profile loaded for ID: 83, photo_profil: 83_1747057468.jpg
2025-05-13 22:23:51 - Attempting to display profile picture: ../../uploads/83_1747057468.jpg
2025-05-13 22:25:09 - User profile loaded for ID: 72, photo_profil: 72_1746531910.jpg
2025-05-13 22:25:09 - Attempting to display profile picture: ../../uploads/72_1746531910.jpg
2025-05-13 22:25:10 - User profile loaded for ID: 72, photo_profil: 72_1746531910.jpg
2025-05-13 22:25:10 - Attempting to display profile picture: ../../uploads/72_1746531910.jpg
2025-05-13 22:27:11 - User profile loaded for ID: 87, photo_profil: NULL
2025-05-13 22:27:11 - No photo_profil set for user ID: 87
2025-05-13 22:27:12 - User profile loaded for ID: 87, photo_profil: NULL
2025-05-13 22:27:12 - No photo_profil set for user ID: 87
2025-05-13 22:27:22 - User profile loaded for ID: 87, photo_profil: NULL
2025-05-13 22:27:22 - No photo_profil set for user ID: 87
2025-05-13 22:27:23 - User profile loaded for ID: 87, photo_profil: NULL
2025-05-13 22:27:23 - No photo_profil set for user ID: 87
2025-05-13 22:30:20 - User profile loaded for ID: 83, photo_profil: 83_1747057468.jpg
2025-05-13 22:30:20 - Attempting to display profile picture: ../../uploads/83_1747057468.jpg
2025-05-13 22:30:20 - User profile loaded for ID: 83, photo_profil: 83_1747057468.jpg
2025-05-13 22:30:20 - Attempting to display profile picture: ../../uploads/83_1747057468.jpg
2025-05-13 23:17:46 - Starting registration process
2025-05-13 23:17:46 - CSRF token in session: 97f02f0390232ed7ffa748a927bf3baaed11baae97473b230dcb74bcdfd19e9b
2025-05-13 23:17:46 - CSRF token from POST: 97f02f0390232ed7ffa748a927bf3baaed11baae97473b230dcb74bcdfd19e9b
2025-05-13 23:17:46 - CSRF token validated successfully
2025-05-13 23:17:46 - reCAPTCHA response received: 03AFcWeA4jPl3IMleZhHjTWyojU43CY11vinDYQmDhupHwgTc3ivCJuiyPyxdqzydhC2mhOpDlhLIvZVPrwKI5qys5Ym9VsaQj5oyr81y9cvcX9Yhi3i_g6l-qzLlt99tRPgiH2XJmLbcEHjTzsEHYsqpnAcITQEUQkpB5frQRm-f0pND-rsSmYn5beYqbKU11qx1yMhAcNXg3yEIZAhQ4aVrAQqS38L1QxUjgr__nXIAMkBGf7hyuytCVmp-fT5JbufxC-Nv8HLxR0OHVwyHFQFA9-eZlF6uvz_oCDMrwjYPcSxy8HkCRfpyaxnVMZiFAy_pjfEA9XokBqzTQCTdVhoE4-o4TGCxtwsOmYwpu8zmF7Ztc-SZS1GbM3enNuI8c28ZPaumqPAHNWmotBS1Fh-8rJuHKWdkdPnHQjrJoT0h3oxuSIm0gZ1hYRM08jdJIobc24X8DrKmpEFAQGYQuzQnDI0oSWL6-7-K5_BjZEdPJZ2K3zgStH2KajL0Sfj3tVxuwlHPy_rtV_RgCpmna88MyLBoCYksavW4sRnWvmMXlqrhhDfvXCrNfqEmzYUU0dK8MaDs8ehtxqmpqOAUYAD2Mm293L0nX7uatGJbZbCFd12NMTolt0ZYCOBOt3vgWB4LSW1V0zado1l7EDKRxkdEMfZT8tqef2ji39gVOy-i543zL6onJAbJoCbOUgZWvhRye30FUefrA5y3P4YrX1mykOT1nfxkxvctxZWW24enKtruMYR2jHLHtSuBIAmG5bWR7v8aGNyOXlrpwAGk_XBkGBjTxMC11okKssg6t_XoLK9MjxW-As2EpX_iv7QUZJ4EZapZ8AS6yXmRa6HtPuUtAUFTEu_qDlj0aitClu1fR2VP3-V1jXm1Yc31ioW1maC5n2Hs7AOn3JeONqZECg4ELPKs8MPpO-6OFE1_1VdwTUeu78_WhjJBCNb9UXO16hO2VJu0N1CpyS9dHrFNuX93oQif4ufFznaBNFjnBumw3ToNrTOSytsWcFYIbpGNxB3rH4A63cvYAIcspo8ki5NYKgoEpzb191kWrAz3EMFm1CKBvCHsPMdwAU4eHveQFND-N8ZsM6LbcxWzsuw_q3OHcTogpri3xfH1-PNWN3LtxEsv3QgX0HvwdND_-F4QxvPMX11zmbKA9C_BOimQX9oBzF3qx3P45r0ZmHHm63L6AjtmQnwvhiI4NJjUqi3rUllE1j9KkIItwZcMgZ7MwP_sFjE1HNek29YzY6NWRGeuVcaBP1E5Gg6onlztuPoISJUSbIk7beXwQUYljZiSraU5X2upO0ex3F-h0FjJTyPiJgOu3WMpaM1h5enMTG9DMUfssuvup6LzgRfvavfJka4gyJx0InbJJNeJaRmmZ_v6jOW8nzKoFg9IRbysQxUK_OJyvD7djzh05r8R29Ds05J2SukgftMgSL8KYtyMxaTT1tuSkgHDileae0mn-Ywkv_yAiGxKs4MzYYyPvR8Fb1x_Vg_MRc3whgDrByfl8tBiMyg6ky3xsq0uDk-5etC90dcC3oHwyHYJrrOJ2PiTDDwLSWJWfkQAAfkKLfDQVqjJ-WDABat9AIma5ihqVPVar5pXcq0LFQIx39lf5unvnbSORk3L0lWeG9Tn9sEEOO2YIBuqjlhse5n3WfSxHLPyx-2CnwMnNs9-806teNyU_2lk4CABfbWe_AM3z62KSU0ygbdRRsioSn-zqxDk6wI3V4IlUw1VazGtEAph37UxF5fFvMR35vqg_fWnXGU051NmQKUw79ZKEcsoaTXxKhq38Z6AT3UY-TT5A4zV1BlmyhN5XNVzkJrhbuvqNOsgCPQgAB_WSJjxvd8V2cBI5iIz1vyDbh5m0uin6Uvku6uYLMM78ux3yt6avbmdBO9Cy5FBx-74KOncAkIwZ_zWmieJDiNwzvDwaXPhgkfr_VTp7zzZqsB0MqYhGTTYxapMZD_QIFLNvhzjHp-KQeyP1fm3_mInFwH0SRcHdj8PqWzhiumN-dYEJeljJ0BFASqv-lJSjAItUs-lGxp50gmVdfTn05xNPSzdc8D2imy_6i2iNA_E2dC7Cs8qh96vHlCvD7-xVl_CVShEKXtGZjJBaQX48gNCvYU6NtZd98eNWOqyUmDn4hIrXF4S72Q
2025-05-13 23:17:47 - reCAPTCHA server response: {"success":true,"challenge_ts":"2025-05-13T21:17:20Z","hostname":"localhost"}
2025-05-13 23:17:47 - reCAPTCHA verified successfully
2025-05-13 23:17:47 - Fields validated successfully
2025-05-13 23:17:47 - Email validated, proceeding to registration
2025-05-13 23:17:47 - Attempting to add user: nom=slouma, email=sloumahhh@gmail.com
2025-05-13 23:17:47 - User added with ID: 88
2025-05-13 23:17:47 - Transaction committed
2025-05-13 23:17:47 - Registration completed successfully with welcome message: Welcome to the investment world, hhh! We're excited to have you on board at InnoConnect. Explore your new features and shape the future!
2025-05-13 23:18:37 - Starting registration process
2025-05-13 23:18:37 - CSRF token in session: 97f02f0390232ed7ffa748a927bf3baaed11baae97473b230dcb74bcdfd19e9b
2025-05-13 23:18:37 - CSRF token from POST: 97f02f0390232ed7ffa748a927bf3baaed11baae97473b230dcb74bcdfd19e9b
2025-05-13 23:18:37 - CSRF token validated successfully
2025-05-13 23:18:37 - reCAPTCHA response received: 03AFcWeA5wxPn3fLrzIrC2R1wVrq9aBtbUdCdPfCqcQqJgnWXUsJUmYLUpsC7ZYE8QFFYxlPeJcDNOuKsPiN_hSBMP2ZKw9WDrc_w1eOe45JtSCnjw_jiht98zTZmh9xEBKnc756ZeKTE3COZYwaaOFtRuNiuuoDajRPTfQlpIfAbsmvDir2Znn3BMmfqNCvgGXMUT5q5mMVFeIbS2g7jwhooEC54IvBunovIPtjQqddgPO6SxiB40_PMLA4uk7LytVu5hjCXxbvqcCUFp-e-h0FVcToWsjMBMGXWR2YOah-H880qOvXH_ctTlpYL1QIi1A4XTt4fnmwF5yWCXTztYU2LIhByA8l9U70ViZSuLh8RSiENzZXC5S2zTAGKlhSovB2KBkOuk2B0GpktGdeukNheT-JGXIN70O-dQWp4YpUjirMGN5DuXzzYYzqI6yGMuvk5aNFwjzqtE-VweaUO45DUsRh9-oBIa-tj22FwXZuHiDk8nVTTGGJiAwInLxDCTaL_E1FN8njG7ub32H7cDBShJYytahYp0kEDAKC5IAKBC1yp_1BVBvD4xwnH4C6n8-P4ynAlwwSk9GwVHpM-qKFpi-vzvE8c82AwdMIWA-NtevHzDgHM8a_1FvX_cMsdKIBsDSONJE1iEmeBo2_sibQZB1hM-qMQ-gsaPUBTecRTg1GESfCgjzUbC7YmM7MyH6q_lrvMWQ1uXS2YNb5KmLpiHdCFL6_gZtG45ap-1hw6kAZ1TX86I0PPccC2wln5lLx2oY64pVHk-NdNvEuqDaCgKqmnR6YNs4f9zTvMzZxvRdzO1Xta6TmHn8B4NDwN2n35fdaTAwLE8QkXb930kVujc-WMSdQWZL4auL36c4HvhyD-y_qxemtEOV-cb4B5Axcxk8DLXf5-_NHupdmHktqddP7xbYqQzjQ8MJjZDn8nokXFrcxezl3GAJQYblWWajV-R33ZxM-R5w4A96-bYRKtiJK4iYtDc982EcfACxgEY36h9gUocns5cPwPNXFyIbumcCA67MnSPyX07KiaqzwpPhHcf_6_Qz2pC2MkOmlC4JlBYjU4GF6ocRqXxaE2AlVivGktG73OQeUrz3_PEXdS6iCYVgaeVnu0zf4m39OB6T50Nc0khlP5oGd3qUwXsewpBv9hSi-gjlrJNQFjlcX7nuQe8270pQNYTvqNbLnIq9GSCuvJtMabPgJOGY1sHDS1e2QWWLyImdLdRp9XjBrwT8MHpiWzyisKBlUn4zs87x27pLl_bTrsJsFdgHNS4zF6bF7aaM2QFIkTzxq7i2AXyQHzhFcx4B62Kq92Vd69BnIYdOBs1m3--v5Cb3R4zzA96qxm1sPXzkaxDZr6AcOGbNV-wfc_HZAAtPZ2aFg0YokepB1mNg3T5jrLMByZWxrpCDCkdqr6DyjI0h-D0bvaM8iU7HHOruD2L4lyGwBdX5OgkimT4UnAHLiR8d8U_M1oZtFwAXoM_8maG-5hytiO7YzdyvIerlLXswfl5fFKlgX6o3L7Rytyw6Q1ncXuAh4VuedTCamXlP9G1L65nieKEDsrVuP_7jLs8Nayi0dxpJtPFSTJBTmV_YyXYMJuTw2z6BgOg9D840ZuhAQ3E0CXrXjlyJNnN2HLOnTwfquGxFM4-X4VLDSzSCfNeGrMqqzQ5NXLzySVka5G501TBwMBBErAkmQF6pJjFLc8w01sR2JGa6DEjkEarkXrIr5YxbM07IeJgfpMlZapElorf_Woxg-kuRNcDQh9OahZjnwWfFIsM_lOwfSAus5IsBxVjZJxwWgzS9WnADqOSq2ILdHVBq5_CUHgyhEb2pZWYbehCiIiMW8Yo2KJwHrUZsru_l9ehNJdEvfb0sLC6ChwaP_4eowEbbAssGeqr_YefkIicF94nPC4N-rHNgcGM4VWx2GP0_RFkIpTa-63GaX7zVmmSClR9AbHFsBhqMkE2v2B6Ln-Qd3hMQjB0YV0qGdPMME6V1qEnhE41lg0MBL2DSNZUUz5W5rz-jzU31MCMpco-vhi_zBAutu3koDOUW7mq--Z-bCPtMoEQ6o2dv-cMe-kYJPCtNvSHt_bQagb-nWVcTB37AvRuEsNesQabtu-H1xwq-t_Xcr1hjTK619RFQoSfgura1RXsMh-xduIySM2P0CMR73-WHdQ
2025-05-13 23:18:38 - reCAPTCHA server response: {"success":true,"challenge_ts":"2025-05-13T21:18:09Z","hostname":"localhost"}
2025-05-13 23:18:38 - reCAPTCHA verified successfully
2025-05-13 23:18:38 - Fields validated successfully
2025-05-13 23:18:38 - Email validated, proceeding to registration
2025-05-13 23:18:38 - Attempting to add user: nom=slouma, email=sloumaha@gmail.com
2025-05-13 23:18:38 - User added with ID: 89
2025-05-13 23:18:38 - Transaction committed
2025-05-13 23:18:38 - Registration completed successfully with welcome message: Welcome to the investment world, ha! We're excited to have you on board at InnoConnect. Explore your new features and shape the future!
2025-05-13 23:19:14 - User profile loaded for ID: 89, photo_profil: NULL
2025-05-13 23:19:14 - No photo_profil set for user ID: 89
2025-05-13 23:21:37 - User profile loaded for ID: 72, photo_profil: 72_1746531910.jpg
2025-05-13 23:21:37 - Attempting to display profile picture: ../../uploads/72_1746531910.jpg
2025-05-13 23:22:28 - User profile loaded for ID: 72, photo_profil: 72_1746531910.jpg
2025-05-13 23:22:28 - Attempting to display profile picture: ../../uploads/72_1746531910.jpg
2025-05-13 23:24:02 - Starting registration process
2025-05-13 23:24:02 - CSRF token in session: ea97adf759434442829d60a39fe7157c471d19ade57ca1a2e14773b23c2ca66f
2025-05-13 23:24:02 - CSRF token from POST: ea97adf759434442829d60a39fe7157c471d19ade57ca1a2e14773b23c2ca66f
2025-05-13 23:24:02 - CSRF token validated successfully
2025-05-13 23:24:02 - reCAPTCHA response received: 03AFcWeA5Vz95TIN8q71EUZl15eyiyJLtFrrKmDNZD8J-Xls5GZug_3Blcy0IPZbUMA-FBjLf-VVmaYfiOKuphCACYKnqTOLn224YPV4nSgawccvCCI40xJ4NMIEQhbk74rj-zq_bVKsfD-G8H-4ZimEq4EW7brrMK41O3w-sc7NA1r2TbgLJOt2hTI_wPv43SdyV0Lm4U0A8CPTIM6RpWbXKM7wFrk7FtEdAo_zvflS0ja04Z04KCGCsCsgSWVCG6-s7RoNTVQ9OFsAIf9zpqMCOAbvIW37WHVrRueJY0u8uuLX4PqwzNMxF__Mm4hXDWatxVtYcPqctaMPmPqVKetH1a9bls7hnhlfjStEhPkUldDDzgkmXD2eUSojL67LRJggceaDsEpOHJHMeaO8hvcTYD2vqUE0WrCuFw5IsyI7vIrEM1XTo6FK8MotABQ9mhEFaxc8yWmhNBKCCKWnXGBxLkB8IcLxyvyd4T5CvyWIf2iEixABStrtMhQ3DNMSNGsH94Ti76ghM_W2jiTqfUUvTcDiNxKxKz7i62Qf2dB4jD59r0v3CinNIzgK098WoQGvI0QnjStLz4b-t7AMqewfBSVu8Y0kI8EfVBa-bspg5cBIxJoB27dXKgxFa5fak2WOCjPaBpGlHmSL-o1mwcL5yBeNE8FTWK1eTeEds77p4QfGZLXx2y1eNcM3YtmPP_0gjyS2NyWELdt7i1uQI6FugJbweEK6gMntREIpyQRuYyff4clxdKBx1FTkQW-VRs1ag53nzcTXwTvLpcsZK5bLdqecr81eh6n94evuGzY-G0JhXeIAtqC42ESU1A49YPbcjCDQxvde6knCEBBC8gLNKWeQAVbaHlFVEzh1SvAwE77Hxme6dXVgjGW7xQGV1d8Qswd3eL0xfgN8DLHzf3d-AUa9krml6eLMQV7KF4r1Es9SvxmqDZf9oZ203dBMQKIIZlACvJMzrC6JVpsVFQGNJm9P6aYI_4lcoDKu76DUxHiwOZSH9smlZFRSE93QoOZwSN0c719uBqdYNwDfnQIA7xMs3IB9VwQ8gJdTsJDtNAqKDjTSBTchNQDGozP3ySEBFI3wDX-zheQFs_EqYHnVLAMZTn35w5pI-vJ56AWuT_s9y3loKrlYvN120XBoGf8ibD2Uv0stl_UZPm6PJCNfrvRJBa6sx5lUM0tml-w0NJ0u1WAVk4pnwRGoebSJhDVIOnKuTgX7AYCcg_KMvcRXkzWTwnctLMn8GpIDtd9Hq0FM9VVHj-asBCAXRs45KdIXqMdQwalKLGCOWbqn9NNUkr43oM6VSzOCvq9tsrNkyRPbGtUFgMAvUK6Ki4EL9cYVINATee7cto6HTKRT5cSg7JkdIKIchMGkiV2rEwZAb_ODWyhRPF7d9Hp-Dar8m3nkEuJeH4ALg_vc1NwyVgtZa_vjzMoQ49e5KWY4Y8nubQv8qPjHVCda-U2kYvCsMjGMXop_GP57qFXehAt0KPWtwLKvcx0xHc5_w2mZnx3Jx434hBI_dWux1YrUlDSO5CV4IT1XWLq3VJhF-SS2Ynu2W_MDSiH3wwzCT_Q1j7UsytctbVcG68z-gFcWYyN-wZnwMXOmq7oKvFVD_0Zvnsvk1adnJquxCMvidFOF5N1PMIchQ_A39yqZewxcFeDuYT-Mq64hneexxSRNc4sCPPuvI6ApqLLpJG3Tz6RCrCvbrUFrpxb38R9nG54YE2Ym1GqrvrtS0T4_EhsXkc68Bx3hChX-fTYJ2aGwREumddWfYn_w5AtPhbCQa97XT3Vk7CcCjfdNZ5lxysvMnxFWUqUSXUqYrzqjIF4Ve8zGpeRfOCbFVb30RFSL1XoQDQveZ76CCI-YDd66MywLZP0dlUGBahhbvqL8MnL39lEWNaThvfbcB40ekh2S0Cd0usWqa9Agdx5qaJLkdol9CTUy7iBXtGMja3gqjWxG5a4SEgdOLl9qJrIvEOUw8vNpZCKFWfG8Cpr4Wu6JhPpLlnlh6S0tS--7Rga35Kgu17ZuxtCdhVN3yKQpgNPrN_EzirBfsPHisgcoqCpSGY-8uEZGbPBbgbvCWF0QHVPTjFBB_C0rlEMsrJ4kzV8p0dBnVVeyBMgs0JkcVVu3j0E9UAE-7ZhyKy4TnMyYyEKKieQ9X670BRx__gEFZKwjw
2025-05-13 23:24:03 - reCAPTCHA server response: {"success":true,"challenge_ts":"2025-05-13T21:22:38Z","hostname":"localhost"}
2025-05-13 23:24:03 - reCAPTCHA verified successfully
2025-05-13 23:24:03 - Fields validated successfully
2025-05-13 23:24:03 - Email validated, proceeding to registration
2025-05-13 23:24:03 - Attempting to add user: nom=NERMINE, email=nerminechakroun1@gmail.com
2025-05-13 23:24:03 - User added with ID: 90
2025-05-13 23:24:03 - Transaction committed
2025-05-13 23:24:03 - Registration completed successfully with welcome message: Get ready to innovate, CHAKROUN! We're excited to have you on board at InnoConnect. Explore your new features and shape the future!
